mtllib brazo.mtl
o manga
usemtl polo_negro
v 1.4208632707901625e-10 0.10000000156294961 7.104316353950813e-11
v 1.4208632707901625e-10 0.10000000156294961 7.104316353950813e-11
v 1.4208632707901625e-10 0.10000000156294961 7.104316353950813e-11
v 1.4208632707901625e-10 0.10000000156294961 7.104316353950813e-11
v 1.4208632707901625e-10 0.10000000156294961 7.104316353950813e-11
v 1.4208632707901625e-10 0.10000000156294961 7.104316353950813e-11
v 1.4208632707901625e-10 0.10000000156294961 7.104316353950813e-11
v 1.4208632707901625e-10 0.10000000156294961 7.104316353950813e-11
v 1.4208632707901625e-10 0.10000000156294961 7.104316353950813e-11
v 1.4208632707901625e-10 0.10000000156294961 7.104316353950813e-11
v 1.4208632707901625e-10 0.10000000156294961 7.104316353950813e-11
v 1.4208632707901625e-10 0.10000000156294961 7.104316353950813e-11
v 1.4208632707901625e-10 0.10000000156294961 7.104316353950813e-11
v 1.4208632707901625e-10 0.10000000156294961 7.104316353950813e-11
v 1.4208632707901625e-10 0.10000000156294961 7.104316353950813e-11
v 1.4208632707901625e-10 0.10000000156294961 7.104316353950813e-11
v 1.4208632707901625e-10 0.10000000156294961 7.104316353950813e-11
v 1.4208632707901625e-10 0.10000000156294961 7.104316353950813e-11
v 1.4208632707901625e-10 0.10000000156294961 7.104316353950813e-11
v 1.4208632707901625e-10 0.10000000156294961 7.104316353950813e-11
v 1.4208632707901625e-10 0.10000000156294961 7.104316353950813e-11
v 1.4208632707901625e-10 0.10000000156294961 7.104316353950813e-11
v 1.4208632707901625e-10 0.10000000156294961 7.104316353950813e-11
v 1.4208632707901625e-10 0.10000000156294961 7.104316353950813e-11
v 1.4208632707901625e-10 0.10000000156294961 7.104316353950813e-11
v -0.011938256502992123 0.10227916986558214 0.00007867193180014116
v -0.011534216525574159 0.10210032452850636 0.0032051893926314337
v -0.010336797681651069 0.10185911551715437 0.006116949954528831
v -0.008427599467779769 0.10157198060006764 0.008615521702694112
v -0.005936731760424323 0.10125848763881451 0.010530631435552265
v -0.003033942744530808 0.10094000068385982 0.011731766412768477
v 0.00008294706187239251 0.1006382239976068 0.012137073897528603
v 0.0032015268780651437 0.10037372330328613 0.011718929540197688
v 0.006109270738349489 0.10016452372683096 0.010505832501642968
v 0.008608020471020739 0.10002488201419135 0.0085804507143717
v 0.01052749073930515 0.09996431443405099 0.006073996940890617
v 0.011736871644566748 0.09998694868840395 0.003157281534602392
v 0.012153748494555503 0.10009124204161501 0.000029074063981549686
v 0.01174970851713754 0.1002700873786908 -0.003097443396849745
v 0.010552289673214447 0.10051129639004278 -0.006009203958747143
v 0.008643091459343147 0.10079843130712951 -0.008507775706912423
v 0.006152223751987703 0.10111192426838264 -0.010422885439770574
v 0.0032494347360941854 0.10143041122333733 -0.011624020416986788
v 0.00013254492969098745 0.10173218790959035 -0.012029327901746913
v -0.0029860348865017646 0.10199668860391102 -0.011611183544415999
v -0.005893778746786109 0.10220588818036619 -0.010398086505861277
v -0.00839252847945736 0.1023455298930058 -0.008472704718590011
v -0.010311998747741772 0.10240609747314616 -0.005966250945108929
v -0.01152137965300337 0.1023834632187932 -0.0030495355388207033
v -0.011938256502992123 0.10227916986558214 0.00007867193180013856
v -0.023202238938099598 0.10684116465467565 0.00026206655507958997
v -0.02240968916368717 0.10649034720507433 0.00639495089748385
v -0.020060865106501687 0.10601719850469347 0.01210657419149155
v -0.016315839044074763 0.10545396315287787 0.017007699806580668
v -0.011429825451186102 0.10483902455710996 0.02076432172769765
v -0.005735800476167811 0.1042142898538091 0.023120435250280198
v 0.00037819854358141745 0.10362233375793328 0.02391547132004949
v 0.006495512623806482 0.10310349686427536 0.023095254820073487
v 0.012199256886020839 0.10269313729261505 0.02071567687217173
v 0.017100731623829576 0.1024192201020893 0.016938905588120803
v 0.02086590704919044 0.10230041264342056 0.01202231882811161
v 0.02323819553169515 0.10234481108052029 0.006300976246907842
v 0.02405592573631428 0.10254939012568583 0.0001647768440277515
v 0.023263375961901856 0.10290020757528714 -0.005968107498376511
v 0.02091455190471636 0.103373356275668 -0.01167973079238421
v 0.017169525842289438 0.1039365916274836 -0.016580856407473327
v 0.012283512249400778 0.10455153022325152 -0.02033747832859031
v 0.0065894872743824905 0.10517626492655238 -0.022693591851172857
v 0.00047548825463326373 0.1057682210224282 -0.02348862792094215
v -0.005641825825591805 0.10628705791608611 -0.022668411420966147
v -0.01134557008780616 0.10669741748774643 -0.02028883347306439
v -0.016247044825614898 0.10697133467827218 -0.016512062189013462
v -0.020012220250975765 0.10709014213694092 -0.01159547542900427
v -0.022384508733480468 0.10704574369984118 -0.005874132847800503
v -0.023202238938099598 0.10684116465467565 0.0002620665550795839
v -0.03335908052531586 0.11351067056576794 0.0005431361635143258
v -0.03220847771469767 0.11300136268084215 0.009446704010645474
v -0.02879851393646307 0.11231445725708974 0.01773869577672925
v -0.023361577595299228 0.11149676616006081 0.024854027229038008
v -0.01626818539845036 0.11060401364569274 0.030307798151438005
v -0.008001742431479898 0.1096970394468302 0.03372834459247281
v 0.000874408177343201 0.10883765246654886 0.034882556941016114
v 0.009755371503399791 0.10808441801264769 0.03369178827472875
v 0.018035924687437192 0.10748866824621335 0.03023717676820952
v 0.025151762992600933 0.10709100218497179 0.024754153505196344
v 0.03061795167437796 0.10691852037574767 0.017616375944572712
v 0.03406198051809698 0.1069829769346437 0.009310273961421995
v 0.03524913964645923 0.10727997976680917 0.0004018933970573648
v 0.03409853683584104 0.10778928765173496 -0.008501674450073788
v 0.030688573057606444 0.10847619307548736 -0.01679366621615756
v 0.0252516367164426 0.1092938841725163 -0.02390899766846632
v 0.018158244519593726 0.11018663668688437 -0.029362768590866315
v 0.00989180155262327 0.11109361088574692 -0.03278331503190112
v 0.0010156509438001768 0.11195299786602825 -0.03393752738044443
v -0.007865312382256419 0.11270623231992942 -0.03274675871415706
v -0.01614586556629382 0.11330198208636376 -0.02929214720763783
v -0.02326170387145756 0.11369964814760532 -0.023809123944624654
v -0.028727892553234588 0.11387212995682944 -0.016671346384001022
v -0.03217192139695361 0.1138076733979334 -0.008365244400850309
v -0.03335908052531586 0.11351067056576794 0.0005431361635143172
v -0.04201846196189723 0.12203138107206225 0.0009110793524225464
v -0.040554017135593506 0.12138315460385829 0.012243172000302269
v -0.03621395719240553 0.12050888985817437 0.02279687651897248
v -0.029294051173092313 0.11946816671394034 0.03185297365349462
v -0.0202658774079654 0.11833190853652806 0.038794306026311044
v -0.00974469034519713 0.11717754929828232 0.043147835142180714
v 0.001552506776497679 0.11608375688209141 0.04461687405499116
v 0.012855829346868124 0.11512507147937852 0.043101307773934165
v 0.023394975306545315 0.11436682574321416 0.038704422050195246
v 0.032451717543009864 0.11386069297317239 0.03172585851818519
v 0.039408854721516694 0.11364116530266541 0.022641192912325424
v 0.04379227127257393 0.11372320304418651 0.012069529496746292
v 0.0453032434671242 0.11410121548543446 0.0007313114001909447
v 0.04383879864082048 0.11474944195363843 -0.010600781247688783
v 0.0394987386976325 0.11562370669932234 -0.021154485766358994
v 0.03257883267831929 0.11666442984355638 -0.03021058290088113
v 0.02355065891319237 0.11780068802096866 -0.037151915273697565
v 0.0130294718504241 0.1189550472592144 -0.041505444389567235
v 0.001732274728729298 0.1200488396754053 -0.04297448330237768
v -0.009571047841641154 0.1210075250781182 -0.041458917021320686
v -0.020110193801318343 0.12176577081428255 -0.03706203129758177
v -0.029166936037782885 0.12227190358432433 -0.030083467765571702
v -0.03612407321628973 0.1224914312548313 -0.02099880215971194
v -0.04050748976734696 0.1224093935133102 -0.010427138744132806
v -0.04201846196189723 0.12203138107206225 0.000911079352422536
v -0.048847601541313165 0.13207585730247945 0.001351756613238336
v -0.047125599436616546 0.13131362386797743 0.014676887962889844
v -0.04202222870856173 0.13028559730862013 0.02708673081264075
v -0.03388528010517913 0.1290618362668878 0.03773557652398666
v -0.023269268808915243 0.12772573781588398 0.04589771985354322
v -0.01089766243972278 0.12636835501868532 0.051016928653528804
v 0.0023864361118239915 0.12508219132444592 0.052744332823701834
v 0.015677737417339317 0.123954896413383 0.050962218256055826
v 0.028070461215772807 0.12306329383052828 0.04579202748199233
v 0.03872006548026865 0.12246814446783166 0.0375861049323264
v 0.046900793303760624 0.12221000733294957 0.026903666252748537
v 0.052055146005893345 0.12230647346361895 0.014472705973756609
v 0.05383185850806295 0.12275096933176809 0.0011403718701365581
v 0.05210985640336633 0.12351320276627012 -0.012184759479514955
v 0.047006485675311516 0.12454122932562742 -0.024594602329265858
v 0.03886953707192891 0.12576499036735975 -0.03524344804061178
v 0.02825352577566502 0.12710108881836357 -0.04340559137016834
v 0.015881919406472555 0.12845847161556223 -0.04852480017015392
v 0.0025978208549257897 0.12974463530980163 -0.050252204340326956
v -0.010693480450589541 0.13087193022086455 -0.04847008977268094
v -0.02308620424902303 0.13176353280371927 -0.04329989899861745
v -0.03373580851351887 0.1323586821664159 -0.03509397644895152
v -0.04191653633701084 0.13261681930129798 -0.024411537769373645
v -0.04707088903914356 0.1325203531706286 -0.011980577490381717
v -0.048847601541313165 0.13207585730247945 0.0013517566132383234
v -0.053584064700207955 0.14325808109567517 0.001848232295114867
v -0.05167067953982412 0.14241113278272777 0.016654324859189693
v -0.046000116669456366 0.1412688507734829 0.03044340332184225
v -0.03695882504484531 0.13990908042803146 0.04227576767255129
v -0.025162944344373182 0.1384244873415988 0.051345054173125994
v -0.011416351982232344 0.1369162443451988 0.05703321536964356
v 0.0033441473797290117 0.1354871358754451 0.0589526029803022
v 0.01811265000872344 0.1342345528431188 0.05697242443349227
v 0.031882706805730694 0.13324385719477874 0.05122761510295908
v 0.0437159140074877 0.13258256251132616 0.04210968373540183
v 0.0528058504990813 0.1322957360508174 0.030239992883407913
v 0.05853306150346468 0.1324029233639425 0.016427449985888947
v 0.060507237599999805 0.1328968208020351 0.0016133541547810617
v 0.058593852439615964 0.13374376911498248 -0.013192738409293771
v 0.05292328956924821 0.1348860511242274 -0.02698181687194633
v 0.04388199794463715 0.1362458214696788 -0.03881418122265537
v 0.03208611724416503 0.13773041455611149 -0.04788346772323008
v 0.018339524882024186 0.13923865755251147 -0.05357162891974764
v 0.0035790255200628387 0.14066776602226516 -0.055491016530406286
v -0.011189477108931598 0.14192034905459147 -0.053510837983596356
v -0.02495953390593885 0.14291104470293153 -0.04776602865306317
v -0.036792741107695856 0.1435723393863841 -0.03864809728550591
v -0.045882677599289455 0.1438591658468929 -0.02677840643351199
v -0.051609888603672834 0.1437519785337678 -0.012965863535993025
v -0.053584064700207955 0.14325808109567517 0.0018482322951148531
v -0.05604583311580325 0.1551483375666505 0.002381427643186321
v -0.05401459054747563 0.15424922168236524 0.018099491960806936
v -0.04799475665232003 0.15303658183955193 0.03273790071238845
v -0.03839656882063303 0.15159305711001841 0.04529906909875196
v -0.02587413126276914 0.1500170215572431 0.05492697614408043
v -0.011280825518389005 0.14841587939104375 0.06096549231170641
v 0.004388837313119754 0.1468987457360416 0.06300310705873578
v 0.0200669963828975 0.14556901082341844 0.0609009569968906
v 0.03468521182390483 0.14451729367017055 0.054802303486329466
v 0.04724727499995735 0.14381526738825645 0.045122755336334835
v 0.05689710393631052 0.14351077357606762 0.03252196133178269
v 0.06297707517440125 0.1436245633929779 0.017858642883573996
v 0.06507285305754469 0.14414888179250535 0.002132082327684405
v 0.06304161048921707 0.1450479976767906 -0.013585981989936217
v 0.05702177659406148 0.1462606375196039 -0.028224390741517728
v 0.04742358876237448 0.14770416224913743 -0.040785559127881246
v 0.03490115120451059 0.1492801978019127 -0.05041346617320972
v 0.02030784546013044 0.1508813399681121 -0.0564519823408357
v 0.004638182628621691 0.1523984736231142 -0.05848959708786506
v -0.011039976441156061 0.1537282085357374 -0.05638744702601989
v -0.025658191882163388 0.1547799256889853 -0.05028879351545876
v -0.038220255058215906 0.1554819519708994 -0.04060924536546412
v -0.047870083994569074 0.15578644578308823 -0.028008451360911967
v -0.05395005523265981 0.1556726559661779 -0.013345132912703277
v -0.05604583311580325 0.1551483375666505 0.002381427643186306
v -0.0561382948332479 0.16728968645216502 0.002930852076736568
v -0.05406726010545409 0.16637295602949148 0.01895685191996735
v -0.04792948773491677 0.1651365589654929 0.03388204258686156
v -0.038143262807772235 0.16366475410805403 0.046689299596227356
v -0.02537549541109807 0.16205784223713715 0.05650582596305009
v -0.010496291367059178 0.16042533183952062 0.06266264662253597
v 0.0054803587475448475 0.1588784758410131 0.06474017836049346
v 0.021465671542367122 0.15752268974039865 0.06259684698436696
v 0.03637027330500411 0.1564503684963692 0.05637871082774066
v 0.049178442621249194 0.15573458852142624 0.04650953164399575
v 0.059017320365315915 0.15542412958691731 0.03366187271505904
v 0.06521640823299364 0.1555401483437417 0.018711284329566737
v 0.06735324259895645 0.15607473897062912 0.0026766218061177187
v 0.06528220787116265 0.1569914693933027 -0.013349378037113068
v 0.05914443550062534 0.15822786645730127 -0.028274568704007286
v 0.049358210573480804 0.15969967131474014 -0.041081825713373085
v 0.03659044317680663 0.161306583185657 -0.05089835208019581
v 0.021711239132767735 0.16293909358327352 -0.05705517273968169
v 0.005734589018163719 0.16448594958178106 -0.05913270447763919
v -0.010250723776658565 0.16584173568239552 -0.05698937310151269
v -0.025155325539295545 0.16691405692642494 -0.05077123694488638
v -0.037963494855540625 0.1676298369013679 -0.04090205776114148
v -0.047802372599607346 0.16794029583587686 -0.02805439883220476
v -0.054001460467285094 0.16782427707905245 -0.013103810446712456
v -0.0561382948332479 0.16728968645216502 0.0029308520767365527
v -0.04735324259895645 0.2639252610293709 0.007323378193882289
v -0.04528220787116265 0.2630085306066974 0.02334937803711307
v -0.03914443550062534 0.2617721335426988 0.038274568704007285
v -0.0293582105734808 0.2603003286852599 0.05108182571337308
v -0.016590443176806628 0.25869341681434305 0.060898352080195804
v -0.0017112391327677359 0.2570609064167265 0.06705517273968169
v 0.014265410981836289 0.255514050418219 0.0691327044776392
v 0.030250723776658564 0.2541582643176045 0.06698937310151269
v 0.04515532553929555 0.25308594307357507 0.06077123694488638
v 0.05796349485554063 0.25237016309863214 0.05090205776114148
v 0.06780237259960735 0.25205970416412316 0.03805439883220476
v 0.07400146046728509 0.2521757229209476 0.023103810446712458
v 0.0761382948332479 0.252710313547835 0.007069147923263439
v 0.07406726010545409 0.25362704397050856 -0.00895685191996735
v 0.06792948773491678 0.25486344103450714 -0.023882042586861562
v 0.05814326280777224 0.256335245891946 -0.03668929959622736
v 0.045375495411098074 0.2579421577628629 -0.04650582596305009
v 0.030496291367059176 0.2595746681604794 -0.05266264662253597
v 0.01451964125245516 0.26112152415898693 -0.05474017836049347
v -0.0014656715423671234 0.2624773102596014 -0.052596846984366966
v -0.016370273305004103 0.2635496315036308 -0.046378710827740664
v -0.02917844262124919 0.2642654114785738 -0.03650953164399576
v -0.03901732036531591 0.2645758704130827 -0.02366187271505904
v -0.04521640823299364 0.26445985165625835 -0.008711284329566738
v -0.04735324259895645 0.2639252610293709 0.007323378193882273
v -0.045072853057544694 0.2758511182074947 0.007867917672315603
v -0.04304161048921707 0.27495200232320943 0.02358598198993622
v -0.03702177659406147 0.27373936248039615 0.038224390741517726
v -0.027423588762374475 0.27229583775086263 0.05078555912788124
v -0.014901151204510585 0.27071980219808733 0.060413466173209716
v -0.00030784546013043826 0.26911866003188795 0.0664519823408357
v 0.015361817371378317 0.26760152637688583 0.06848959708786506
v 0.03103997644115606 0.2662717914642626 0.06638744702601988
v 0.04565819188216339 0.26522007431101474 0.06028879351545875
v 0.05822025505821591 0.2645180480291006 0.050609245365464114
v 0.06787008399456908 0.26421355421691184 0.038008451360911966
v 0.07395005523265981 0.26432734403382213 0.02334513291270328
v 0.07604583311580325 0.2648516624333495 0.007618572356813687
v 0.07401459054747563 0.26575077831763483 -0.008099491960806934
v 0.06799475665232003 0.2669634181604481 -0.022737900712388445
v 0.05839656882063304 0.2684069428899816 -0.03529906909875197
v 0.045874131262769145 0.2699829784427569 -0.044926976144080435
v 0.031280825518389004 0.2715841206089563 -0.05096549231170641
v 0.015611162686880255 0.2731012542639584 -0.05300310705873578
v -0.00006699638289749815 0.2744309891765816 -0.0509009569968906
v -0.014685211823904825 0.2754827063298295 -0.04480230348632947
v -0.027247274999957348 0.2761847326117436 -0.03512275533633484
v -0.036897103936310516 0.2764892264239324 -0.022521961331782688
v -0.042977075174401254 0.27637543660702213 -0.007858642883573994
v -0.045072853057544694 0.2758511182074947 0.007867917672315587
v -0.0405072375999998 0.2871031791979649 0.008386645845218945
v -0.03859385243961596 0.28625623088501756 0.023192738409293773
v -0.032923289569248206 0.2851139488757726 0.03698181687194633
v -0.02388199794463715 0.28375417853032125 0.048814181222655365
v -0.012086117244165034 0.2822695854438886 0.057883467723230074
v 0.001660475117975813 0.28076134244748857 0.06357162891974764
v 0.016420974479937168 0.2793322339777349 0.06549101653040629
v 0.0311894771089316 0.27807965094540854 0.06351083798359636
v 0.044959533905938855 0.2770889552970685 0.05776602865306316
v 0.05679274110769586 0.2764276606136159 0.048648097285505905
v 0.06588267759928945 0.27614083415310714 0.03677840643351199
v 0.07160988860367283 0.27624802146623223 0.022965863535993027
v 0.07358406470020795 0.27674191890432487 0.00815176770488514
v 0.07167067953982412 0.2775888672172723 -0.006654324859189692
v 0.06600011666945636 0.27873114922651715 -0.02044340332184225
v 0.05695882504484531 0.2800909195719686 -0.032275767672551296
v 0.045162944344373186 0.28157551265840125 -0.041345054173126
v 0.031416351982232346 0.28308375565480126 -0.04703321536964356
v 0.016655852620270997 0.2845128641245549 -0.048952602980302205
v 0.001887349991276559 0.28576544715688124 -0.046972424433492276
v -0.011882706805730696 0.2867561428052213 -0.04122761510295909
v -0.023715914007487696 0.2874174374886739 -0.03210968373540184
v -0.032805850499081295 0.28770426394918264 -0.02023999288340791
v -0.03853306150346467 0.28759707663605755 -0.006427449985888948
v -0.0405072375999998 0.2871031791979649 0.008386645845218931
v -0.033831858508062945 0.29724903066823194 0.008859628129863448
v -0.032109856403366326 0.29648679723372995 0.022184759479514957
v -0.027006485675311512 0.29545877067437265 0.03459460232926586
v -0.018869537071928913 0.29423500963264027 0.045243448040611776
v -0.008253525775665021 0.29289891118163647 0.053405591370168336
v 0.004118080593527445 0.2915415283844378 0.058524800170153914
v 0.017402179145074217 0.2902553646901984 0.06025220434032695
v 0.03069348045058954 0.2891280697791355 0.058470089772680936
v 0.043086204249023034 0.28823646719628077 0.053299898998617444
v 0.053735808513518876 0.28764131783358415 0.045093976448951516
v 0.061916536337010844 0.28738318069870206 0.03441153776937365
v 0.06707088903914356 0.28747964682937144 0.02198057749038172
v 0.06884760154131317 0.2879241426975206 0.008648243386761671
v 0.06712559943661654 0.28868637613202264 -0.0046768879628898445
v 0.062022228708561736 0.28971440269137994 -0.017086730812640748
v 0.05388528010517914 0.2909381637331122 -0.02773557652398666
v 0.04326926880891525 0.29227426218411606 -0.035897719853543224
v 0.03089766243972278 0.2936316449813147 -0.04101692865352881
v 0.017613563888176014 0.2949178086755541 -0.04274433282370184
v 0.004322262582660683 0.29604510358661706 -0.04096221825605583
v -0.008070461215772809 0.29693670616947176 -0.03579202748199233
v -0.018720065480268652 0.2975318555321684 -0.0275861049323264
v -0.02690079330376062 0.2977899926670505 -0.016903666252748535
v -0.03205514600589334 0.2976935265363811 -0.004472705973756608
v -0.033831858508062945 0.29724903066823194 0.008859628129863436
v -0.025303243467124197 0.3058987845145656 0.00926868859980906
v -0.023838798640820474 0.3052505580463616 0.020600781247688785
v -0.019498738697632502 0.3043762933006777 0.031154485766358996
v -0.01257883267831929 0.30333557015644363 0.04021058290088113
v -0.0035506589131923706 0.3021993119790314 0.04715191527369756
v 0.0069705281495759 0.30104495274078563 0.05150544438956723
v 0.018267725271270706 0.29995116032459473 0.052974483302377674
v 0.029571047841641156 0.29899247492188186 0.05145891702132068
v 0.04011019380131835 0.2982342291857175 0.04706203129758176
v 0.04916693603778289 0.2977280964156757 0.0400834677655717
v 0.05612407321628973 0.29750856874516873 0.03099880215971194
v 0.06050748976734696 0.29759060648668983 0.02042713874413281
v 0.06201846196189723 0.2979686189279378 0.009088920647577459
v 0.06055401713559351 0.29861684539614175 -0.0022431720003022685
v 0.05621395719240553 0.29949111014182567 -0.012796876518972478
v 0.04929405117309232 0.3005318332860597 -0.021852973653494617
v 0.0402658774079654 0.30166809146347195 -0.028794306026311046
v 0.029744690345197132 0.3028224507017177 -0.03314783514218072
v 0.018447493223502327 0.30391624311790866 -0.03461687405499116
v 0.007144170653131877 0.30487492852062154 -0.03310130777393417
v -0.003394975306545315 0.3056331742567859 -0.028704422050195248
v -0.012451717543009862 0.3061393070268277 -0.02172585851818519
v -0.019408854721516697 0.3063588346973346 -0.012641192912325423
v -0.023792271272573925 0.30627679695581356 -0.002069529496746292
v -0.025303243467124197 0.3058987845145656 0.00926868859980905
v -0.01524913964645923 0.3127200202331909 0.009598106602942639
v -0.014098536835841039 0.3122107123482651 0.01850167445007379
v -0.010688573057606442 0.31152380692451265 0.02679366621615756
v -0.0052516367164425985 0.31070611582748375 0.03390899766846632
v 0.0018417554804062725 0.30981336331311565 0.039362768590866314
v 0.01010819844737673 0.3089063891142531 0.042783315031901116
v 0.018984349056199827 0.3080470021339718 0.04393752738044442
v 0.027865312382256417 0.3072937676800706 0.042746758714157056
v 0.03614586556629382 0.30669801791363627 0.03929214720763783
v 0.043261703871457564 0.30630035185239474 0.03380912394462465
v 0.04872789255323459 0.3061278700431706 0.026671346384001024
v 0.05217192139695361 0.30619232660206663 0.018365244400850307
v 0.05335908052531586 0.3064893294342321 0.009456863836485679
v 0.05220847771469767 0.3069986373191579 0.000553295989354525
v 0.048798513936463075 0.30768554274291027 -0.007738695776729248
v 0.04336157759529923 0.3085032338399392 -0.014854027229038006
v 0.03626818539845036 0.3093959863543073 -0.020307798151438003
v 0.028001742431479897 0.31030296055316986 -0.02372834459247281
v 0.019125591822656805 0.3111623475334512 -0.024882556941016112
v 0.01024462849660021 0.31191558198735236 -0.023691788274728745
v 0.00196407531256281 0.3125113317537867 -0.02023717676820952
v -0.0051517629926009344 0.31290899781502823 -0.014754153505196342
v -0.010617951674377958 0.31308147962425237 -0.007616375944572711
v -0.014061980518096978 0.31301702306535634 0.0006897260385780061
v -0.01524913964645923 0.3127200202331909 0.009598106602942632
v -0.004055925736314277 0.3174506098743142 0.009835223155972251
v -0.0032633759619018557 0.31709979242471287 0.015968107498376512
v -0.0009145519047163621 0.316626643724332 0.02167973079238421
v 0.002830474157710562 0.31606340837251645 0.02658085640747333
v 0.007716487750599223 0.3154484697767485 0.030337478328590312
v 0.01341051272561751 0.31482373507344763 0.032693591851172855
v 0.019524511745366742 0.3142317789775718 0.03348862792094215
v 0.025641825825591803 0.3137129420839139 0.032668411420966145
v 0.03134557008780616 0.3133025825122536 0.03028883347306439
v 0.036247044825614895 0.31302866532172785 0.026512062189013464
v 0.04001222025097576 0.31290985786305914 0.021595475429004272
v 0.04238450873348047 0.31295425630015883 0.015874132847800503
v 0.0432022389380996 0.3131588353453244 0.009737933444920414
v 0.042409689163687175 0.3135096527949257 0.00360504910251615
v 0.040060865106501684 0.31398280149530655 -0.00210657419149155
v 0.03631583904407476 0.3145460368471222 -0.007007699806580667
v 0.031429825451186104 0.31516097544289007 -0.010764321727697649
v 0.02573580047616781 0.31578571014619095 -0.013120435250280196
v 0.019621801456418585 0.31637766624206676 -0.013915471320049489
v 0.013504487376193518 0.3168965031357247 -0.013095254820073485
v 0.007800743113979162 0.317306862707385 -0.010715676872171728
v 0.0028992683761704255 0.3175807798979107 -0.006938905588120802
v -0.0008659070491904407 0.3176995873565795 -0.002022318828111609
v -0.003238195531695149 0.31765518891947975 0.003699023753092158
v -0.004055925736314277 0.3174506098743142 0.009835223155972246
v 0.007846251505444497 0.319908757958385 0.009970925936018452
v 0.00825029148286246 0.31972991262130923 0.013097443396849744
v 0.009447710326785553 0.3194887036099573 0.016009203958747144
v 0.011356908540656853 0.31920156869287053 0.01850777570691242
v 0.013847776248012297 0.31888807573161737 0.020422885439770576
v 0.016750565263905816 0.3185695887766627 0.02162402041698679
v 0.019867455070309015 0.31826781209040966 0.022029327901746915
v 0.022986034886501763 0.318003311396089 0.021611183544416
v 0.02589377874678611 0.31779411181963385 0.02039808650586128
v 0.028392528479457363 0.3176544701069942 0.018472704718590013
v 0.03031199874774177 0.3175939025268539 0.01596625094510893
v 0.03152137965300337 0.3176165367812068 0.013049535538820704
v 0.031938256502992125 0.3177208301344179 0.00992132806819986
v 0.03153421652557416 0.31789967547149367 0.006794810607368567
v 0.030336797681651068 0.31814088448284567 0.0038830500454711692
v 0.02842759946777977 0.31842801939993237 0.0013844782973058889
v 0.025936731760424325 0.31874151236118553 -0.0005306314355522646
v 0.023033942744530807 0.3190599993161402 -0.0017317664127684774
v 0.019917052938127608 0.31936177600239324 -0.0021370738975286033
v 0.016798473121934856 0.3196262766967139 -0.001718929540197687
v 0.013890729261650511 0.3198354762731691 -0.000505832501642968
v 0.011391979528979261 0.3199751179858087 0.0014195492856282988
v 0.00947250926069485 0.3200356855659491 0.003926003059109383
v 0.008263128355433252 0.3200130513115961 0.006842718465397609
v 0.007846251505444497 0.319908757958385 0.009970925936018449
v 0.019999999857913668 0.3199999984370504 0.009999999928956838
v 0.019999999857913668 0.3199999984370504 0.009999999928956838
v 0.019999999857913668 0.3199999984370504 0.009999999928956838
v 0.019999999857913668 0.3199999984370504 0.00999999992895684
v 0.01999999985791367 0.3199999984370504 0.009999999928956841
v 0.01999999985791367 0.3199999984370504 0.009999999928956841
v 0.019999999857913675 0.3199999984370504 0.009999999928956841
v 0.019999999857913675 0.3199999984370504 0.009999999928956841
v 0.019999999857913675 0.3199999984370504 0.009999999928956841
v 0.019999999857913675 0.3199999984370504 0.00999999992895684
v 0.019999999857913675 0.3199999984370504 0.009999999928956838
v 0.019999999857913675 0.3199999984370504 0.009999999928956838
v 0.019999999857913675 0.3199999984370504 0.009999999928956838
v 0.019999999857913675 0.3199999984370504 0.009999999928956836
v 0.019999999857913675 0.3199999984370504 0.009999999928956834
v 0.019999999857913675 0.3199999984370504 0.009999999928956834
v 0.019999999857913675 0.3199999984370504 0.009999999928956834
v 0.019999999857913675 0.3199999984370504 0.009999999928956834
v 0.019999999857913675 0.3199999984370504 0.009999999928956834
v 0.01999999985791367 0.3199999984370504 0.009999999928956834
v 0.01999999985791367 0.3199999984370504 0.009999999928956834
v 0.019999999857913668 0.3199999984370504 0.009999999928956834
v 0.019999999857913668 0.3199999984370504 0.009999999928956834
v 0.019999999857913668 0.3199999984370504 0.009999999928956836
v 0.019999999857913668 0.3199999984370504 0.009999999928956838
vt 0.02083333395421505 0
vt 0.0625 0
vt 0.1041666641831398 0
vt 0.1458333283662796 0
vt 0.1875 0
vt 0.2291666716337204 0
vt 0.2708333432674408 0
vt 0.3125 0
vt 0.3541666567325592 0
vt 0.3958333432674408 0
vt 0.4375 0
vt 0.4791666567325592 0
vt 0.5208333134651184 0
vt 0.5625 0
vt 0.6041666865348816 0
vt 0.6458333134651184 0
vt 0.6875 0
vt 0.7291666865348816 0
vt 0.7708333134651184 0
vt 0.8125 0
vt 0.8541666865348816 0
vt 0.8958333134651184 0
vt 0.9375 0
vt 0.9791666865348816 0
vt 1.0208333730697632 0
vt 0 0.04170319810509682
vt 0.0416666679084301 0.04170319810509682
vt 0.0833333358168602 0.04170319810509682
vt 0.125 0.04170319810509682
vt 0.1666666716337204 0.04170319810509682
vt 0.2083333283662796 0.04170319810509682
vt 0.25 0.04170319810509682
vt 0.2916666567325592 0.04170319810509682
vt 0.3333333432674408 0.04170319810509682
vt 0.375 0.04170319810509682
vt 0.4166666567325592 0.04170319810509682
vt 0.4583333432674408 0.04170319810509682
vt 0.5 0.04170319810509682
vt 0.5416666865348816 0.04170319810509682
vt 0.5833333134651184 0.04170319810509682
vt 0.625 0.04170319810509682
vt 0.6666666865348816 0.04170319810509682
vt 0.7083333134651184 0.04170319810509682
vt 0.75 0.04170319810509682
vt 0.7916666865348816 0.04170319810509682
vt 0.8333333134651184 0.04170319810509682
vt 0.875 0.04170319810509682
vt 0.9166666865348816 0.04170319810509682
vt 0.9583333134651184 0.04170319810509682
vt 1 0.04170319810509682
vt 0 0.08340639621019363
vt 0.0416666679084301 0.08340639621019363
vt 0.0833333358168602 0.08340639621019363
vt 0.125 0.08340639621019363
vt 0.1666666716337204 0.08340639621019363
vt 0.2083333283662796 0.08340639621019363
vt 0.25 0.08340639621019363
vt 0.2916666567325592 0.08340639621019363
vt 0.3333333432674408 0.08340639621019363
vt 0.375 0.08340639621019363
vt 0.4166666567325592 0.08340639621019363
vt 0.4583333432674408 0.08340639621019363
vt 0.5 0.08340639621019363
vt 0.5416666865348816 0.08340639621019363
vt 0.5833333134651184 0.08340639621019363
vt 0.625 0.08340639621019363
vt 0.6666666865348816 0.08340639621019363
vt 0.7083333134651184 0.08340639621019363
vt 0.75 0.08340639621019363
vt 0.7916666865348816 0.08340639621019363
vt 0.8333333134651184 0.08340639621019363
vt 0.875 0.08340639621019363
vt 0.9166666865348816 0.08340639621019363
vt 0.9583333134651184 0.08340639621019363
vt 1 0.08340639621019363
vt 0 0.12510959804058075
vt 0.0416666679084301 0.12510959804058075
vt 0.0833333358168602 0.12510959804058075
vt 0.125 0.12510959804058075
vt 0.1666666716337204 0.12510959804058075
vt 0.2083333283662796 0.12510959804058075
vt 0.25 0.12510959804058075
vt 0.2916666567325592 0.12510959804058075
vt 0.3333333432674408 0.12510959804058075
vt 0.375 0.12510959804058075
vt 0.4166666567325592 0.12510959804058075
vt 0.4583333432674408 0.12510959804058075
vt 0.5 0.12510959804058075
vt 0.5416666865348816 0.12510959804058075
vt 0.5833333134651184 0.12510959804058075
vt 0.625 0.12510959804058075
vt 0.6666666865348816 0.12510959804058075
vt 0.7083333134651184 0.12510959804058075
vt 0.75 0.12510959804058075
vt 0.7916666865348816 0.12510959804058075
vt 0.8333333134651184 0.12510959804058075
vt 0.875 0.12510959804058075
vt 0.9166666865348816 0.12510959804058075
vt 0.9583333134651184 0.12510959804058075
vt 1 0.12510959804058075
vt 0 0.16681279242038727
vt 0.0416666679084301 0.16681279242038727
vt 0.0833333358168602 0.16681279242038727
vt 0.125 0.16681279242038727
vt 0.1666666716337204 0.16681279242038727
vt 0.2083333283662796 0.16681279242038727
vt 0.25 0.16681279242038727
vt 0.2916666567325592 0.16681279242038727
vt 0.3333333432674408 0.16681279242038727
vt 0.375 0.16681279242038727
vt 0.4166666567325592 0.16681279242038727
vt 0.4583333432674408 0.16681279242038727
vt 0.5 0.16681279242038727
vt 0.5416666865348816 0.16681279242038727
vt 0.5833333134651184 0.16681279242038727
vt 0.625 0.16681279242038727
vt 0.6666666865348816 0.16681279242038727
vt 0.7083333134651184 0.16681279242038727
vt 0.75 0.16681279242038727
vt 0.7916666865348816 0.16681279242038727
vt 0.8333333134651184 0.16681279242038727
vt 0.875 0.16681279242038727
vt 0.9166666865348816 0.16681279242038727
vt 0.9583333134651184 0.16681279242038727
vt 1 0.16681279242038727
vt 0 0.2085159868001938
vt 0.0416666679084301 0.2085159868001938
vt 0.0833333358168602 0.2085159868001938
vt 0.125 0.2085159868001938
vt 0.1666666716337204 0.2085159868001938
vt 0.2083333283662796 0.2085159868001938
vt 0.25 0.2085159868001938
vt 0.2916666567325592 0.2085159868001938
vt 0.3333333432674408 0.2085159868001938
vt 0.375 0.2085159868001938
vt 0.4166666567325592 0.2085159868001938
vt 0.4583333432674408 0.2085159868001938
vt 0.5 0.2085159868001938
vt 0.5416666865348816 0.2085159868001938
vt 0.5833333134651184 0.2085159868001938
vt 0.625 0.2085159868001938
vt 0.6666666865348816 0.2085159868001938
vt 0.7083333134651184 0.2085159868001938
vt 0.75 0.2085159868001938
vt 0.7916666865348816 0.2085159868001938
vt 0.8333333134651184 0.2085159868001938
vt 0.875 0.2085159868001938
vt 0.9166666865348816 0.2085159868001938
vt 0.9583333134651184 0.2085159868001938
vt 1 0.2085159868001938
vt 0 0.2502191960811615
vt 0.0416666679084301 0.2502191960811615
vt 0.0833333358168602 0.2502191960811615
vt 0.125 0.2502191960811615
vt 0.1666666716337204 0.2502191960811615
vt 0.2083333283662796 0.2502191960811615
vt 0.25 0.2502191960811615
vt 0.2916666567325592 0.2502191960811615
vt 0.3333333432674408 0.2502191960811615
vt 0.375 0.2502191960811615
vt 0.4166666567325592 0.2502191960811615
vt 0.4583333432674408 0.2502191960811615
vt 0.5 0.2502191960811615
vt 0.5416666865348816 0.2502191960811615
vt 0.5833333134651184 0.2502191960811615
vt 0.625 0.2502191960811615
vt 0.6666666865348816 0.2502191960811615
vt 0.7083333134651184 0.2502191960811615
vt 0.75 0.2502191960811615
vt 0.7916666865348816 0.2502191960811615
vt 0.8333333134651184 0.2502191960811615
vt 0.875 0.2502191960811615
vt 0.9166666865348816 0.2502191960811615
vt 0.9583333134651184 0.2502191960811615
vt 1 0.2502191960811615
vt 0 0.291922390460968
vt 0.0416666679084301 0.291922390460968
vt 0.0833333358168602 0.291922390460968
vt 0.125 0.291922390460968
vt 0.1666666716337204 0.291922390460968
vt 0.2083333283662796 0.291922390460968
vt 0.25 0.291922390460968
vt 0.2916666567325592 0.291922390460968
vt 0.3333333432674408 0.291922390460968
vt 0.375 0.291922390460968
vt 0.4166666567325592 0.291922390460968
vt 0.4583333432674408 0.291922390460968
vt 0.5 0.291922390460968
vt 0.5416666865348816 0.291922390460968
vt 0.5833333134651184 0.291922390460968
vt 0.625 0.291922390460968
vt 0.6666666865348816 0.291922390460968
vt 0.7083333134651184 0.291922390460968
vt 0.75 0.291922390460968
vt 0.7916666865348816 0.291922390460968
vt 0.8333333134651184 0.291922390460968
vt 0.875 0.291922390460968
vt 0.9166666865348816 0.291922390460968
vt 0.9583333134651184 0.291922390460968
vt 1 0.291922390460968
vt 0 0.33362558484077454
vt 0.0416666679084301 0.33362558484077454
vt 0.0833333358168602 0.33362558484077454
vt 0.125 0.33362558484077454
vt 0.1666666716337204 0.33362558484077454
vt 0.2083333283662796 0.33362558484077454
vt 0.25 0.33362558484077454
vt 0.2916666567325592 0.33362558484077454
vt 0.3333333432674408 0.33362558484077454
vt 0.375 0.33362558484077454
vt 0.4166666567325592 0.33362558484077454
vt 0.4583333432674408 0.33362558484077454
vt 0.5 0.33362558484077454
vt 0.5416666865348816 0.33362558484077454
vt 0.5833333134651184 0.33362558484077454
vt 0.625 0.33362558484077454
vt 0.6666666865348816 0.33362558484077454
vt 0.7083333134651184 0.33362558484077454
vt 0.75 0.33362558484077454
vt 0.7916666865348816 0.33362558484077454
vt 0.8333333134651184 0.33362558484077454
vt 0.875 0.33362558484077454
vt 0.9166666865348816 0.33362558484077454
vt 0.9583333134651184 0.33362558484077454
vt 1 0.33362558484077454
vt 0 0.6663744449615479
vt 0.0416666679084301 0.6663744449615479
vt 0.0833333358168602 0.6663744449615479
vt 0.125 0.6663744449615479
vt 0.1666666716337204 0.6663744449615479
vt 0.2083333283662796 0.6663744449615479
vt 0.25 0.6663744449615479
vt 0.2916666567325592 0.6663744449615479
vt 0.3333333432674408 0.6663744449615479
vt 0.375 0.6663744449615479
vt 0.4166666567325592 0.6663744449615479
vt 0.4583333432674408 0.6663744449615479
vt 0.5 0.6663744449615479
vt 0.5416666865348816 0.6663744449615479
vt 0.5833333134651184 0.6663744449615479
vt 0.625 0.6663744449615479
vt 0.6666666865348816 0.6663744449615479
vt 0.7083333134651184 0.6663744449615479
vt 0.75 0.6663744449615479
vt 0.7916666865348816 0.6663744449615479
vt 0.8333333134651184 0.6663744449615479
vt 0.875 0.6663744449615479
vt 0.9166666865348816 0.6663744449615479
vt 0.9583333134651184 0.6663744449615479
vt 1 0.6663744449615479
vt 0 0.708077609539032
vt 0.0416666679084301 0.708077609539032
vt 0.0833333358168602 0.708077609539032
vt 0.125 0.708077609539032
vt 0.1666666716337204 0.708077609539032
vt 0.2083333283662796 0.708077609539032
vt 0.25 0.708077609539032
vt 0.2916666567325592 0.708077609539032
vt 0.3333333432674408 0.708077609539032
vt 0.375 0.708077609539032
vt 0.4166666567325592 0.708077609539032
vt 0.4583333432674408 0.708077609539032
vt 0.5 0.708077609539032
vt 0.5416666865348816 0.708077609539032
vt 0.5833333134651184 0.708077609539032
vt 0.625 0.708077609539032
vt 0.6666666865348816 0.708077609539032
vt 0.7083333134651184 0.708077609539032
vt 0.75 0.708077609539032
vt 0.7916666865348816 0.708077609539032
vt 0.8333333134651184 0.708077609539032
vt 0.875 0.708077609539032
vt 0.9166666865348816 0.708077609539032
vt 0.9583333134651184 0.708077609539032
vt 1 0.708077609539032
vt 0 0.7497808337211609
vt 0.0416666679084301 0.7497808337211609
vt 0.0833333358168602 0.7497808337211609
vt 0.125 0.7497808337211609
vt 0.1666666716337204 0.7497808337211609
vt 0.2083333283662796 0.7497808337211609
vt 0.25 0.7497808337211609
vt 0.2916666567325592 0.7497808337211609
vt 0.3333333432674408 0.7497808337211609
vt 0.375 0.7497808337211609
vt 0.4166666567325592 0.7497808337211609
vt 0.4583333432674408 0.7497808337211609
vt 0.5 0.7497808337211609
vt 0.5416666865348816 0.7497808337211609
vt 0.5833333134651184 0.7497808337211609
vt 0.625 0.7497808337211609
vt 0.6666666865348816 0.7497808337211609
vt 0.7083333134651184 0.7497808337211609
vt 0.75 0.7497808337211609
vt 0.7916666865348816 0.7497808337211609
vt 0.8333333134651184 0.7497808337211609
vt 0.875 0.7497808337211609
vt 0.9166666865348816 0.7497808337211609
vt 0.9583333134651184 0.7497808337211609
vt 1 0.7497808337211609
vt 0 0.791483998298645
vt 0.0416666679084301 0.791483998298645
vt 0.0833333358168602 0.791483998298645
vt 0.125 0.791483998298645
vt 0.1666666716337204 0.791483998298645
vt 0.2083333283662796 0.791483998298645
vt 0.25 0.791483998298645
vt 0.2916666567325592 0.791483998298645
vt 0.3333333432674408 0.791483998298645
vt 0.375 0.791483998298645
vt 0.4166666567325592 0.791483998298645
vt 0.4583333432674408 0.791483998298645
vt 0.5 0.791483998298645
vt 0.5416666865348816 0.791483998298645
vt 0.5833333134651184 0.791483998298645
vt 0.625 0.791483998298645
vt 0.6666666865348816 0.791483998298645
vt 0.7083333134651184 0.791483998298645
vt 0.75 0.791483998298645
vt 0.7916666865348816 0.791483998298645
vt 0.8333333134651184 0.791483998298645
vt 0.875 0.791483998298645
vt 0.9166666865348816 0.791483998298645
vt 0.9583333134651184 0.791483998298645
vt 1 0.791483998298645
vt 0 0.8331872224807739
vt 0.0416666679084301 0.8331872224807739
vt 0.0833333358168602 0.8331872224807739
vt 0.125 0.8331872224807739
vt 0.1666666716337204 0.8331872224807739
vt 0.2083333283662796 0.8331872224807739
vt 0.25 0.8331872224807739
vt 0.2916666567325592 0.8331872224807739
vt 0.3333333432674408 0.8331872224807739
vt 0.375 0.8331872224807739
vt 0.4166666567325592 0.8331872224807739
vt 0.4583333432674408 0.8331872224807739
vt 0.5 0.8331872224807739
vt 0.5416666865348816 0.8331872224807739
vt 0.5833333134651184 0.8331872224807739
vt 0.625 0.8331872224807739
vt 0.6666666865348816 0.8331872224807739
vt 0.7083333134651184 0.8331872224807739
vt 0.75 0.8331872224807739
vt 0.7916666865348816 0.8331872224807739
vt 0.8333333134651184 0.8331872224807739
vt 0.875 0.8331872224807739
vt 0.9166666865348816 0.8331872224807739
vt 0.9583333134651184 0.8331872224807739
vt 1 0.8331872224807739
vt 0 0.8748903870582581
vt 0.0416666679084301 0.8748903870582581
vt 0.0833333358168602 0.8748903870582581
vt 0.125 0.8748903870582581
vt 0.1666666716337204 0.8748903870582581
vt 0.2083333283662796 0.8748903870582581
vt 0.25 0.8748903870582581
vt 0.2916666567325592 0.8748903870582581
vt 0.3333333432674408 0.8748903870582581
vt 0.375 0.8748903870582581
vt 0.4166666567325592 0.8748903870582581
vt 0.4583333432674408 0.8748903870582581
vt 0.5 0.8748903870582581
vt 0.5416666865348816 0.8748903870582581
vt 0.5833333134651184 0.8748903870582581
vt 0.625 0.8748903870582581
vt 0.6666666865348816 0.8748903870582581
vt 0.7083333134651184 0.8748903870582581
vt 0.75 0.8748903870582581
vt 0.7916666865348816 0.8748903870582581
vt 0.8333333134651184 0.8748903870582581
vt 0.875 0.8748903870582581
vt 0.9166666865348816 0.8748903870582581
vt 0.9583333134651184 0.8748903870582581
vt 1 0.8748903870582581
vt 0 0.916593611240387
vt 0.0416666679084301 0.916593611240387
vt 0.0833333358168602 0.916593611240387
vt 0.125 0.916593611240387
vt 0.1666666716337204 0.916593611240387
vt 0.2083333283662796 0.916593611240387
vt 0.25 0.916593611240387
vt 0.2916666567325592 0.916593611240387
vt 0.3333333432674408 0.916593611240387
vt 0.375 0.916593611240387
vt 0.4166666567325592 0.916593611240387
vt 0.4583333432674408 0.916593611240387
vt 0.5 0.916593611240387
vt 0.5416666865348816 0.916593611240387
vt 0.5833333134651184 0.916593611240387
vt 0.625 0.916593611240387
vt 0.6666666865348816 0.916593611240387
vt 0.7083333134651184 0.916593611240387
vt 0.75 0.916593611240387
vt 0.7916666865348816 0.916593611240387
vt 0.8333333134651184 0.916593611240387
vt 0.875 0.916593611240387
vt 0.9166666865348816 0.916593611240387
vt 0.9583333134651184 0.916593611240387
vt 1 0.916593611240387
vt 0 0.9582967758178711
vt 0.0416666679084301 0.9582967758178711
vt 0.0833333358168602 0.9582967758178711
vt 0.125 0.9582967758178711
vt 0.1666666716337204 0.9582967758178711
vt 0.2083333283662796 0.9582967758178711
vt 0.25 0.9582967758178711
vt 0.2916666567325592 0.9582967758178711
vt 0.3333333432674408 0.9582967758178711
vt 0.375 0.9582967758178711
vt 0.4166666567325592 0.9582967758178711
vt 0.4583333432674408 0.9582967758178711
vt 0.5 0.9582967758178711
vt 0.5416666865348816 0.9582967758178711
vt 0.5833333134651184 0.9582967758178711
vt 0.625 0.9582967758178711
vt 0.6666666865348816 0.9582967758178711
vt 0.7083333134651184 0.9582967758178711
vt 0.75 0.9582967758178711
vt 0.7916666865348816 0.9582967758178711
vt 0.8333333134651184 0.9582967758178711
vt 0.875 0.9582967758178711
vt 0.9166666865348816 0.9582967758178711
vt 0.9583333134651184 0.9582967758178711
vt 1 0.9582967758178711
vt -0.02083333395421505 1
vt 0.02083333395421505 1
vt 0.0625 1
vt 0.1041666641831398 1
vt 0.1458333283662796 1
vt 0.1875 1
vt 0.2291666716337204 1
vt 0.2708333432674408 1
vt 0.3125 1
vt 0.3541666567325592 1
vt 0.3958333432674408 1
vt 0.4375 1
vt 0.4791666567325592 1
vt 0.5208333134651184 1
vt 0.5625 1
vt 0.6041666865348816 1
vt 0.6458333134651184 1
vt 0.6875 1
vt 0.7291666865348816 1
vt 0.7708333134651184 1
vt 0.8125 1
vt 0.8541666865348816 1
vt 0.8958333134651184 1
vt 0.9375 1
vt 0.9791666865348816 1
vn -0.09044312632922692 -0.9948743896214962 -0.04522156316461346
vn -0.09044312632922692 -0.9948743896214962 -0.04522156316461346
vn -0.09044312632922692 -0.9948743896214962 -0.04522156316461346
vn -0.09044312632922692 -0.9948743896214962 -0.04522156316461346
vn -0.09044312632922692 -0.9948743896214962 -0.04522156316461346
vn -0.09044312632922692 -0.9948743896214962 -0.04522156316461346
vn -0.09044312632922692 -0.9948743896214962 -0.04522156316461346
vn -0.09044312632922692 -0.9948743896214962 -0.04522156316461346
vn -0.09044312632922692 -0.9948743896214962 -0.04522156316461346
vn -0.09044312632922692 -0.9948743896214962 -0.04522156316461346
vn -0.09044312632922692 -0.9948743896214962 -0.04522156316461346
vn -0.09044312632922692 -0.9948743896214962 -0.04522156316461346
vn -0.09044312632922692 -0.9948743896214962 -0.04522156316461346
vn -0.09044312632922692 -0.9948743896214962 -0.04522156316461346
vn -0.09044312632922692 -0.9948743896214962 -0.04522156316461346
vn -0.09044312632922692 -0.9948743896214962 -0.04522156316461346
vn -0.09044312632922692 -0.9948743896214962 -0.04522156316461346
vn -0.09044312632922692 -0.9948743896214962 -0.04522156316461346
vn -0.09044312632922692 -0.9948743896214962 -0.04522156316461346
vn -0.09044312632922692 -0.9948743896214962 -0.04522156316461346
vn -0.09044312632922692 -0.9948743896214962 -0.04522156316461346
vn -0.09044312632922692 -0.9948743896214962 -0.04522156316461346
vn -0.09044312632922692 -0.9948743896214962 -0.04522156316461346
vn -0.09044312632922692 -0.9948743896214962 -0.04522156316461346
vn -0.09044312632922692 -0.9948743896214962 -0.04522156316461346
vn -0.28299565058615894 -0.958113576447125 -0.043952660636367845
vn -0.2764788896404173 -0.9609981776365757 0.006475041496589842
vn -0.2571656727435112 -0.9648886456533803 0.05343892075596922
vn -0.22637215057132576 -0.9695198550974331 0.09373846605084536
vn -0.18619686389107853 -0.9745761925793728 0.12462733542293494
vn -0.1393776870865351 -0.9797130800680427 0.14400048988110026
vn -0.08910526969274528 -0.9845804453966817 0.15053769446705062
vn -0.038805594147077654 -0.9888465864108833 0.14379344354467635
vn 0.008093499678752026 -0.9922207718672482 0.12422735261653325
vn 0.04839591566226753 -0.9944730583410532 0.09317280494330318
vn 0.07935511628389542 -0.9954499541759123 0.05274613019685682
vn 0.09886126951430893 -0.9950848872213722 0.005702334052661419
vn 0.10558507681400814 -0.9934027350465339 -0.044752626249707536
vn 0.09906831585073292 -0.990518134049952 -0.095180328391432
vn 0.07975509909029711 -0.9866276645319746 -0.1421442075825763
vn 0.0489615767698097 -0.9819964567192432 -0.18244375295160334
vn 0.008786290237864439 -0.9769401176059823 -0.213332622249542
vn -0.038032886703149235 -0.9718032316184849 -0.23270577677594248
vn -0.08830530407940551 -0.9669358660969772 -0.23924298135312602
vn -0.13860497964260668 -0.9626697252756445 -0.23249873043951852
vn -0.18550407333196606 -0.9592955383181068 -0.21293263944314025
vn -0.22580648946378354 -0.9570432534756229 -0.1818780918440612
vn -0.25676568993710946 -0.9560663560094426 -0.14145141702346384
vn -0.2762718433039932 -0.9564314244651553 -0.09440762094750356
vn -0.28299565058615894 -0.958113576447125 -0.04395266063636789
vn -0.4646728011999614 -0.8845329976134397 -0.04099468206931224
vn -0.45188971834227254 -0.8901913446928229 0.05792281321314774
vn -0.41400546958098966 -0.8978227761676412 0.15004577218853563
vn -0.35360182107556215 -0.9069072126644298 0.22909618012808677
vn -0.27479515603880267 -0.9168255812989241 0.28968685799238486
vn -0.182956040705772 -0.9269019456485268 0.327688678965635
vn -0.08434314757464427 -0.9364496272768015 0.3405118632740147
vn 0.014323214570515705 -0.9448179626738612 0.3272825429704142
vn 0.10631909226472903 -0.9514366677592868 0.2889022635133008
vn 0.1853751314490387 -0.955854681794775 0.22798659594647533
vn 0.24610376882246557 -0.9577709361363811 0.14868681469390208
vn 0.28436647636166523 -0.9570548296590958 0.05640709306327796
vn 0.29755569500801937 -0.9537551704979221 -0.0425638710266587
vn 0.28477261235688606 -0.9480968211464287 -0.141481366205841
vn 0.24688836330154965 -0.9404653929061997 -0.2336043253282557
vn 0.1864847156306502 -0.9313809472296024 -0.31265473285054285
vn 0.10767804975936263 -0.9214625877749169 -0.3732454111321049
vn 0.015838934720385493 -0.9113862201907248 -0.41124723195832824
vn -0.08277395861729767 -0.9018385408345603 -0.4240704163699857
vn -0.18144032055590223 -0.8934702031653904 -0.41084109596310747
vn -0.2734361985441691 -0.886851501314554 -0.3724608166530208
vn -0.35249223689395065 -0.8824334780992573 -0.3115451486689313
vn -0.4132208751019057 -0.8805172329374599 -0.23224536783362212
vn -0.45148358234705177 -0.8812333361801558 -0.13996564605597123
vn -0.4646728011999614 -0.8845329976134397 -0.04099468206931233
vn -0.6284928498639262 -0.7769603022284252 -0.036461300457258594
vn -0.6099346757515063 -0.7851749601388366 0.10714463722875248
vn -0.5549352758227053 -0.796254076409656 0.24088645758652275
vn -0.4672427616525252 -0.8094426410518086 0.355649845396275
vn -0.35283323269520595 -0.8238418724893058 0.4436138850838245
vn -0.21950349017836754 -0.8384704922573942 0.4987839726907414
vn -0.07633976487532093 -0.8523315675441623 0.5174003665117486
vn 0.06690158362824374 -0.8644805163284761 0.49819435464132283
vn 0.20045891073442837 -0.8740893830437546 0.44247483042242614
vn 0.31523047361711964 -0.8805033503257065 0.354038978882739
vn 0.4033947996883309 -0.8832853150703045 0.23891355709872117
vn 0.4589436357198493 -0.8822456937013289 0.10494415266086723
vn 0.47809142942048677 -0.877455322649408 -0.03873940976446101
vn 0.4595332537692678 -0.8692406816657877 -0.18234534821987178
vn 0.4045338543497293 -0.8581615597930803 -0.3160871683230107
vn 0.3168413401306557 -0.8449729956887576 -0.4308505561572099
vn 0.20243181122222995 -0.8305737637134303 -0.5188145958203124
vn 0.06910206819612898 -0.8159451495472302 -0.5739846836818606
vn -0.07406165556811836 -0.8020840573336709 -0.5926010767334683
vn -0.2173030056104823 -0.7899351254761483 -0.5733950656324421
vn -0.3508603322074044 -0.7803262531589815 -0.5176755411589141
vn -0.4656318951389893 -0.7739122864148595 -0.4292396896436738
vn -0.5537962211613069 -0.7711303211324316 -0.3141142678352092
vn -0.6093450577020879 -0.7721699481032955 -0.18014486365198654
vn -0.6284928498639262 -0.7769603022284252 -0.03646130045725873
vn -0.7681602460405672 -0.6395294793910793 -0.03052673242700985
vn -0.7445402000150215 -0.6499847249308666 0.1522489668869302
vn -0.6745392474934419 -0.6640857704646428 0.3224699878397417
vn -0.5629278295859488 -0.6808716395346024 0.4685360916248772
vn -0.4173121016885108 -0.6991983795941805 0.5804930970797074
vn -0.24761555530601637 -0.7178170711706123 0.6507112947433272
vn -0.06540268948165207 -0.7354589012997411 0.6744054364457215
vn 0.1169089769505302 -0.7509215540363549 0.6499608532765696
vn 0.28689518228319505 -0.7631513262500875 0.5790433555662521
vn 0.43297169063329516 -0.7713147666377633 0.46648584745593147
vn 0.5451836126681724 -0.7748555292932666 0.31995896174624006
vn 0.6158838658560579 -0.77353233611627 0.14944828122364998
vn 0.6402543501623514 -0.7674353752692951 -0.033426215512097984
vn 0.6166343073228155 -0.7569800946833989 -0.21620191323303317
vn 0.5466333541816277 -0.7428790559653132 -0.38642293449564874
vn 0.43502193480224105 -0.7260932030861829 -0.5324890390167312
vn 0.2894062083766966 -0.7077664468357756 -0.6444460437356145
vn 0.11970966261381041 -0.689147748443653 -0.7146642410894303
vn -0.06250320639656369 -0.6715059533606332 -0.7383583843848294
vn -0.2448148696427361 -0.6560432655779106 -0.7139137996226725
vn -0.41480107559500917 -0.6438135001798685 -0.6429963022221591
vn -0.560877585417003 -0.6356500759830219 -0.5304387948477854
vn -0.6730895059799864 -0.6321092971366893 -0.38391190840214706
vn -0.7437897585482639 -0.6334324834979953 -0.21340122756975294
vn -0.7681602460405672 -0.6395294793910793 -0.030526732427010022
vn -0.8783076804933425 -0.47752190209368617 -0.023419039417377007
vn -0.8505334271833914 -0.4898159909216154 0.19150243936083686
vn -0.7682210233534597 -0.5063970521298685 0.391661186323003
vn -0.6369798836372393 -0.5261351575320137 0.5634167408324431
vn -0.46575391343010175 -0.5476851104801868 0.6950642501832841
vn -0.26621188514441263 -0.5695783886552609 0.7776321054230816
vn -0.0519522258983602 -0.5903229674262657 0.8054934887094084
vn 0.1624236071596888 -0.6085051413289154 0.7767496796352811
vn 0.3623062407287241 -0.6228858192375948 0.6933595345286098
vn 0.5340740291823447 -0.6324850208781463 0.5610059088081931
vn 0.6660212892346461 -0.6366485053543673 0.38870853208576467
vn 0.749155981229689 -0.6350926072401306 0.18820918154201463
vn 0.7778126600723595 -0.6279233225371255 -0.026828470793114328
vn 0.7500384070174896 -0.6156292309033032 -0.24174994944378764
vn 0.6677260048893204 -0.5990481509756633 -0.4419086955550727
vn 0.5364848612065943 -0.5793100892050799 -0.6136642520477653
vn 0.36525889496596253 -0.5577600926253452 -0.7453117594153538
vn 0.16571686497851096 -0.5358668331696578 -0.8278796155060325
vn -0.048542794522622564 -0.515122257204546 -0.8557409989198997
vn -0.26291862732559046 -0.4969400804960032 -0.826997189718232
vn -0.4628012591928632 -0.4825593838679373 -0.7436070437606792
vn -0.6345690516129896 -0.47296022585894726 -0.6112534200235156
vn -0.7665163076987853 -0.46879669775116467 -0.4389560413178343
vn -0.8496510013955906 -0.470352614584788 -0.23845669162496547
vn -0.8783076804933425 -0.47752190209368617 -0.023419039417377212
vn -0.9547022597999935 -0.2971633977686827 -0.015411364616977978
vn -0.9238411602074699 -0.31082385886394515 0.2233965968125801
vn -0.8323805080717405 -0.3292477568778063 0.4458010816195541
vn -0.6865531857584964 -0.35117951718461193 0.6366456391391072
vn -0.4962970770356771 -0.3751245873031314 0.7829244889045806
vn -0.2745778520948929 -0.3994510863230403 0.8746689846875205
vn -0.036505265046383954 -0.4225012274126392 0.9056268980428457
vn 0.20169640728944024 -0.4427041781289065 0.8736884856479119
vn 0.423794090962677 -0.4586831399123859 0.7810303103114712
vn 0.6146522440659136 -0.4693491574822842 0.6339668660390753
vn 0.7612641569973578 -0.47397541672082755 0.44252026802782735
vn 0.8536384884185021 -0.4722465872819383 0.21973732475648652
vn 0.885480086915511 -0.4642805039606247 -0.019199721825263156
vn 0.8546189874581106 -0.4506200413790052 -0.2580076831872596
vn 0.763158335590467 -0.4321961404162003 -0.4804121678601907
vn 0.6173310171659455 -0.4102643373334481 -0.6712567234353827
vn 0.42707490455440383 -0.3863193099908752 -0.8175355751452171
vn 0.20535567934553375 -0.36199281391990995 -0.9092800710622002
vn -0.032716907838098434 -0.3389426743166682 -0.9402379844850869
vn -0.27091858003879943 -0.3187397221140437 -0.9082995720225915
vn -0.4930162634439503 -0.3027607573816207 -0.8156413965521078
vn -0.6838744126584644 -0.2920946970357759 -0.6685779503353507
vn -0.8304863294786311 -0.2874684805731791 -0.47713135426846404
vn -0.9228606611678611 -0.289197312961012 -0.25434841113116613
vn -0.9547022597999935 -0.2971633977686827 -0.015411364616978203
vn -0.9944081596875096 -0.1053850854106732 -0.006811440367900711
vn -0.9616461957061027 -0.11988695014622192 0.2467057224075219
vn -0.8645520834833565 -0.13944565778417647 0.4828090755875718
vn -0.7097426164233863 -0.1627283042737672 0.6854085769967211
vn -0.5077678071351268 -0.1881482424191617 0.8406973848607865
vn -0.27239192182962385 -0.21397311602795732 0.9380928240527427
vn -0.019655428581655972 -0.2384430157397863 0.9709575646608803
vn 0.23321810125747275 -0.25989035030138213 0.9370519318938966
vn 0.46899575601215654 -0.2768535277395302 0.8386865356143277
vn 0.6716096898532479 -0.28817652437464486 0.682564806662762
vn 0.8272520762603661 -0.29308772261785865 0.4793261824411336
vn 0.9253161454922744 -0.2912524055952939 0.24282105989035294
vn 0.9591190010881008 -0.28279565918282396 -0.010833138931803588
vn 0.9263570376511207 -0.2682937884585816 -0.26435030143501304
vn 0.8292629255068248 -0.24873507995767435 -0.5004536545758379
vn 0.6744534601872069 -0.225452414324206 -0.7030531551148108
vn 0.4724786491585949 -0.20003249532268916 -0.8583419638490525
vn 0.23710276377464173 -0.17420762257684613 -0.9557374030802339
vn -0.01563373001775274 -0.14973772885371092 -0.9886021439605847
vn -0.2685072593124549 -0.1282903883034213 -0.9546965109213876
vn -0.5042849139886885 -0.1113272100023206 -0.8563311146025936
vn -0.7068988460894273 -0.10000419422332835 -0.7002093847808517
vn -0.8625412342368981 -0.09509301512399222 -0.49697076142939955
vn -0.9606053035472565 -0.0969283330095095 -0.26046563891784397
vn -0.9944081596875096 -0.10538508541067318 -0.006811440367900951
vn -0.9958995116971968 0.09044312632922685 0.0020502441514015676
vn -0.962495700434539 0.07565714959484002 0.2605341097825965
vn -0.8634993949658182 0.05571526276066777 0.501263009196944
vn -0.7056570396440034 0.0319764739695539 0.7078316519578195
vn -0.4997253260626937 0.006058541449677603 0.866162740232479
vn -0.2597381464261329 -0.02027227196566647 0.9654662760969266
vn -0.0020502441514016366 -0.04522156316461351 0.9989748779242992
vn 0.2557773788762828 -0.06708907951700947 0.9644049916216416
vn 0.49617419904047944 -0.08438458609701995 0.8641124960534786
vn 0.7027575565589153 -0.09592942190866192 0.7049321688727314
vn 0.861449150786818 -0.10093682653401667 0.49771188217472967
vn 0.9614344159592542 -0.09906555337051162 0.25657334223274647
vn 0.9958995116971968 -0.09044312632922696 -0.0020502441514014505
vn 0.962495700434539 -0.07565714959484013 -0.2605341097825965
vn 0.8634993949658182 -0.055715262760667884 -0.501263009196944
vn 0.7056570396440034 -0.03197647396955401 -0.7078316519578195
vn 0.4997253260626937 -0.006058541449677728 -0.866162740232479
vn 0.2597381464261329 0.020272271965666343 -0.9654662760969266
vn 0.0020502441514017476 0.04522156316461338 -0.9989748779242992
vn -0.2557773788762828 0.06708907951700936 -0.9644049916216416
vn -0.49617419904047955 0.08438458609701982 -0.8641124960534788
vn -0.7027575565589153 0.09592942190866181 -0.7049321688727314
vn -0.8614491507868178 0.10093682653401653 -0.4977118821747296
vn -0.9614344159592542 0.09906555337051151 -0.25657334223274647
vn -0.9958995116971968 0.09044312632922687 0.002050244151401323
vn -0.9958995116971968 0.09044312632922691 0.00205024415140157
vn -0.962495700434539 0.07565714959484007 0.2605341097825965
vn -0.8634993949658182 0.05571526276066783 0.501263009196944
vn -0.7056570396440034 0.031976473969553956 0.7078316519578195
vn -0.4997253260626937 0.0060585414496776655 0.866162740232479
vn -0.2597381464261329 -0.020272271965666406 0.9654662760969266
vn -0.0020502441514016314 -0.04522156316461345 0.9989748779242992
vn 0.2557773788762828 -0.06708907951700942 0.9644049916216416
vn 0.49617419904047944 -0.08438458609701988 0.8641124960534786
vn 0.7027575565589153 -0.09592942190866187 0.7049321688727314
vn 0.8614491507868178 -0.10093682653401659 0.4977118821747296
vn 0.9614344159592542 -0.09906555337051157 0.25657334223274647
vn 0.9958995116971968 -0.09044312632922691 -0.002050244151401448
vn 0.962495700434539 -0.07565714959484007 -0.2605341097825965
vn 0.8634993949658182 -0.05571526276066783 -0.501263009196944
vn 0.7056570396440034 -0.031976473969553956 -0.7078316519578195
vn 0.4997253260626937 -0.0060585414496776655 -0.866162740232479
vn 0.2597381464261329 0.020272271965666406 -0.9654662760969266
vn 0.0020502441514017532 0.04522156316461344 -0.9989748779242992
vn -0.2557773788762828 0.06708907951700942 -0.9644049916216416
vn -0.49617419904047944 0.08438458609701988 -0.8641124960534786
vn -0.7027575565589153 0.09592942190866187 -0.7049321688727314
vn -0.8614491507868178 0.10093682653401659 -0.4977118821747296
vn -0.9614344159592542 0.09906555337051157 -0.25657334223274647
vn -0.9958995116971968 0.09044312632922692 0.0020502441514013256
vn -0.9591190010881008 0.28279565918282396 0.010833138931803708
vn -0.9263570376511207 0.2682937884585816 0.26435030143501304
vn -0.8292629255068248 0.24873507995767435 0.5004536545758379
vn -0.6744534601872069 0.225452414324206 0.7030531551148108
vn -0.4724786491585949 0.20003249532268916 0.8583419638490525
vn -0.23710276377464173 0.17420762257684613 0.9557374030802339
vn 0.01563373001775286 0.1497377288537109 0.9886021439605847
vn 0.2685072593124549 0.1282903883034213 0.9546965109213876
vn 0.5042849139886885 0.1113272100023206 0.8563311146025936
vn 0.7068988460894273 0.10000419422332835 0.7002093847808517
vn 0.8625412342368981 0.09509301512399222 0.49697076142939955
vn 0.9606053035472565 0.0969283330095095 0.26046563891784397
vn 0.9944081596875096 0.1053850854106732 0.006811440367900831
vn 0.9616461957061027 0.11988695014622192 -0.2467057224075219
vn 0.8645520834833565 0.13944565778417647 -0.4828090755875718
vn 0.7097426164233863 0.1627283042737672 -0.6854085769967211
vn 0.5077678071351268 0.1881482424191617 -0.8406973848607865
vn 0.27239192182962385 0.21397311602795732 -0.9380928240527427
vn 0.019655428581656094 0.23844301573978627 -0.9709575646608803
vn -0.23321810125747275 0.25989035030138213 -0.9370519318938966
vn -0.46899575601215654 0.2768535277395302 -0.8386865356143277
vn -0.6716096898532479 0.28817652437464486 -0.682564806662762
vn -0.8272520762603661 0.29308772261785865 -0.4793261824411336
vn -0.9253161454922744 0.2912524055952939 -0.24282105989035294
vn -0.9591190010881008 0.28279565918282396 0.010833138931803469
vn -0.885480086915511 0.4642805039606247 0.01919972182526327
vn -0.8546189874581106 0.4506200413790052 0.2580076831872596
vn -0.763158335590467 0.4321961404162003 0.4804121678601907
vn -0.6173310171659455 0.4102643373334481 0.6712567234353827
vn -0.42707490455440383 0.3863193099908752 0.8175355751452171
vn -0.20535567934553375 0.36199281391990995 0.9092800710622002
vn 0.032716907838098545 0.3389426743166682 0.9402379844850869
vn 0.27091858003879943 0.3187397221140437 0.9082995720225915
vn 0.4930162634439503 0.3027607573816207 0.8156413965521078
vn 0.6838744126584644 0.2920946970357759 0.6685779503353507
vn 0.8304863294786311 0.2874684805731791 0.47713135426846404
vn 0.9228606611678611 0.289197312961012 0.25434841113116613
vn 0.9547022597999935 0.2971633977686827 0.01541136461697809
vn 0.9238411602074699 0.31082385886394515 -0.2233965968125801
vn 0.8323805080717405 0.3292477568778063 -0.4458010816195541
vn 0.6865531857584964 0.35117951718461193 -0.6366456391391072
vn 0.4962970770356771 0.3751245873031314 -0.7829244889045806
vn 0.2745778520948929 0.3994510863230403 -0.8746689846875205
vn 0.036505265046384065 0.4225012274126392 -0.9056268980428457
vn -0.20169640728944024 0.4427041781289065 -0.8736884856479119
vn -0.423794090962677 0.4586831399123859 -0.7810303103114712
vn -0.6146522440659136 0.4693491574822842 -0.6339668660390753
vn -0.7612641569973578 0.47397541672082755 -0.44252026802782735
vn -0.8536384884185021 0.4722465872819383 -0.21973732475648652
vn -0.885480086915511 0.4642805039606247 0.019199721825263045
vn -0.7778126600723595 0.6279233225371255 0.02682847079311443
vn -0.7500384070174896 0.6156292309033032 0.24174994944378764
vn -0.6677260048893204 0.5990481509756633 0.4419086955550727
vn -0.5364848612065943 0.5793100892050799 0.6136642520477653
vn -0.36525889496596253 0.5577600926253452 0.7453117594153538
vn -0.16571686497851096 0.5358668331696578 0.8278796155060325
vn 0.04854279452262267 0.515122257204546 0.8557409989198997
vn 0.26291862732559046 0.4969400804960032 0.826997189718232
vn 0.4628012591928632 0.4825593838679373 0.7436070437606792
vn 0.6345690516129896 0.47296022585894726 0.6112534200235156
vn 0.7665163076987853 0.46879669775116467 0.4389560413178343
vn 0.8496510013955906 0.470352614584788 0.23845669162496547
vn 0.8783076804933425 0.47752190209368617 0.023419039417377108
vn 0.8505334271833914 0.4898159909216154 -0.19150243936083686
vn 0.7682210233534597 0.5063970521298685 -0.391661186323003
vn 0.6369798836372393 0.5261351575320137 -0.5634167408324431
vn 0.46575391343010175 0.5476851104801868 -0.6950642501832841
vn 0.26621188514441263 0.5695783886552609 -0.7776321054230816
vn 0.05195222589836031 0.5903229674262657 -0.8054934887094084
vn -0.1624236071596888 0.6085051413289154 -0.7767496796352811
vn -0.3623062407287241 0.6228858192375948 -0.6933595345286098
vn -0.5340740291823447 0.6324850208781463 -0.5610059088081931
vn -0.6660212892346461 0.6366485053543673 -0.38870853208576467
vn -0.749155981229689 0.6350926072401306 -0.18820918154201463
vn -0.7778126600723595 0.6279233225371255 0.026828470793114224
vn -0.6402543501623514 0.7674353752692951 0.03342621551209807
vn -0.6166343073228155 0.7569800946833989 0.21620191323303317
vn -0.5466333541816277 0.7428790559653132 0.38642293449564874
vn -0.43502193480224105 0.7260932030861829 0.5324890390167312
vn -0.2894062083766966 0.7077664468357756 0.6444460437356145
vn -0.11970966261381041 0.689147748443653 0.7146642410894303
vn 0.06250320639656377 0.6715059533606332 0.7383583843848294
vn 0.2448148696427361 0.6560432655779106 0.7139137996226725
vn 0.41480107559500917 0.6438135001798685 0.6429963022221591
vn 0.560877585417003 0.6356500759830219 0.5304387948477854
vn 0.6730895059799864 0.6321092971366893 0.38391190840214706
vn 0.7437897585482639 0.6334324834979953 0.21340122756975294
vn 0.7681602460405672 0.6395294793910793 0.030526732427009935
vn 0.7445402000150215 0.6499847249308666 -0.1522489668869302
vn 0.6745392474934419 0.6640857704646428 -0.3224699878397417
vn 0.5629278295859488 0.6808716395346024 -0.4685360916248772
vn 0.4173121016885108 0.6991983795941805 -0.5804930970797074
vn 0.24761555530601637 0.7178170711706123 -0.6507112947433272
vn 0.06540268948165215 0.7354589012997411 -0.6744054364457215
vn -0.1169089769505302 0.7509215540363549 -0.6499608532765696
vn -0.28689518228319505 0.7631513262500875 -0.5790433555662521
vn -0.43297169063329516 0.7713147666377633 -0.46648584745593147
vn -0.5451836126681724 0.7748555292932666 -0.31995896174624006
vn -0.6158838658560579 0.77353233611627 -0.14944828122364998
vn -0.6402543501623514 0.7674353752692951 0.033426215512097894
vn -0.47809142942048677 0.877455322649408 0.03873940976446108
vn -0.4595332537692678 0.8692406816657877 0.18234534821987178
vn -0.4045338543497293 0.8581615597930803 0.3160871683230107
vn -0.3168413401306557 0.8449729956887576 0.4308505561572099
vn -0.20243181122222995 0.8305737637134303 0.5188145958203124
vn -0.06910206819612898 0.8159451495472302 0.5739846836818606
vn 0.07406165556811843 0.8020840573336709 0.5926010767334683
vn 0.2173030056104823 0.7899351254761483 0.5733950656324421
vn 0.3508603322074044 0.7803262531589815 0.5176755411589141
vn 0.4656318951389893 0.7739122864148595 0.4292396896436738
vn 0.5537962211613069 0.7711303211324316 0.3141142678352092
vn 0.6093450577020879 0.7721699481032955 0.18014486365198654
vn 0.6284928498639262 0.7769603022284252 0.036461300457258664
vn 0.6099346757515063 0.7851749601388366 -0.10714463722875248
vn 0.5549352758227053 0.796254076409656 -0.24088645758652275
vn 0.4672427616525252 0.8094426410518086 -0.355649845396275
vn 0.35283323269520595 0.8238418724893058 -0.4436138850838245
vn 0.21950349017836754 0.8384704922573942 -0.4987839726907414
vn 0.076339764875321 0.8523315675441623 -0.5174003665117486
vn -0.06690158362824374 0.8644805163284761 -0.49819435464132283
vn -0.20045891073442837 0.8740893830437546 -0.44247483042242614
vn -0.31523047361711964 0.8805033503257065 -0.354038978882739
vn -0.4033947996883309 0.8832853150703045 -0.23891355709872117
vn -0.4589436357198493 0.8822456937013289 -0.10494415266086723
vn -0.47809142942048677 0.877455322649408 0.03873940976446094
vn -0.29755569500801937 0.9537551704979221 0.04256387102665875
vn -0.28477261235688606 0.9480968211464287 0.141481366205841
vn -0.24688836330154965 0.9404653929061997 0.2336043253282557
vn -0.1864847156306502 0.9313809472296024 0.31265473285054285
vn -0.10767804975936263 0.9214625877749169 0.3732454111321049
vn -0.015838934720385493 0.9113862201907248 0.41124723195832824
vn 0.08277395861729771 0.9018385408345603 0.4240704163699857
vn 0.18144032055590223 0.8934702031653904 0.41084109596310747
vn 0.2734361985441691 0.886851501314554 0.3724608166530208
vn 0.35249223689395065 0.8824334780992573 0.3115451486689313
vn 0.4132208751019057 0.8805172329374599 0.23224536783362212
vn 0.45148358234705177 0.8812333361801558 0.13996564605597123
vn 0.4646728011999614 0.8845329976134397 0.04099468206931229
vn 0.45188971834227254 0.8901913446928229 -0.05792281321314774
vn 0.41400546958098966 0.8978227761676412 -0.15004577218853563
vn 0.35360182107556215 0.9069072126644298 -0.22909618012808677
vn 0.27479515603880267 0.9168255812989241 -0.28968685799238486
vn 0.182956040705772 0.9269019456485268 -0.327688678965635
vn 0.08434314757464431 0.9364496272768015 -0.3405118632740147
vn -0.014323214570515705 0.9448179626738612 -0.3272825429704142
vn -0.10631909226472903 0.9514366677592868 -0.2889022635133008
vn -0.1853751314490387 0.955854681794775 -0.22798659594647533
vn -0.24610376882246557 0.9577709361363811 -0.14868681469390208
vn -0.28436647636166523 0.9570548296590958 -0.05640709306327796
vn -0.29755569500801937 0.9537551704979221 0.04256387102665866
vn -0.10558507681400814 0.9934027350465339 0.04475262624970756
vn -0.09906831585073292 0.990518134049952 0.095180328391432
vn -0.07975509909029711 0.9866276645319746 0.1421442075825763
vn -0.0489615767698097 0.9819964567192432 0.18244375295160334
vn -0.008786290237864439 0.9769401176059823 0.213332622249542
vn 0.038032886703149235 0.9718032316184849 0.23270577677594248
vn 0.08830530407940554 0.9669358660969772 0.23924298135312602
vn 0.13860497964260668 0.9626697252756445 0.23249873043951852
vn 0.18550407333196606 0.9592955383181068 0.21293263944314025
vn 0.22580648946378354 0.9570432534756229 0.1818780918440612
vn 0.25676568993710946 0.9560663560094426 0.14145141702346384
vn 0.2762718433039932 0.9564314244651553 0.09440762094750356
vn 0.28299565058615894 0.958113576447125 0.043952660636367866
vn 0.2764788896404173 0.9609981776365757 -0.006475041496589842
vn 0.2571656727435112 0.9648886456533803 -0.05343892075596922
vn 0.22637215057132576 0.9695198550974331 -0.09373846605084536
vn 0.18619686389107853 0.9745761925793728 -0.12462733542293494
vn 0.1393776870865351 0.9797130800680427 -0.14400048988110026
vn 0.0891052696927453 0.9845804453966817 -0.15053769446705062
vn 0.038805594147077654 0.9888465864108833 -0.14379344354467635
vn -0.008093499678752026 0.9922207718672482 -0.12422735261653325
vn -0.04839591566226753 0.9944730583410532 -0.09317280494330318
vn -0.07935511628389542 0.9954499541759123 -0.05274613019685682
vn -0.09886126951430893 0.9950848872213722 -0.005702334052661419
vn -0.10558507681400814 0.9934027350465339 0.04475262624970751
vn 0.09044312632922687 0.9948743896214962 0.04522156316461346
vn 0.09044312632922687 0.9948743896214962 0.045221563164613475
vn 0.09044312632922687 0.9948743896214962 0.04522156316461349
vn 0.09044312632922688 0.9948743896214962 0.0452215631646135
vn 0.0904431263292269 0.9948743896214962 0.04522156316461352
vn 0.09044312632922691 0.9948743896214962 0.045221563164613524
vn 0.09044312632922692 0.9948743896214962 0.045221563164613524
vn 0.09044312632922694 0.9948743896214962 0.045221563164613524
vn 0.09044312632922695 0.9948743896214962 0.04522156316461352
vn 0.09044312632922696 0.9948743896214962 0.0452215631646135
vn 0.09044312632922698 0.9948743896214962 0.04522156316461349
vn 0.09044312632922698 0.9948743896214962 0.045221563164613475
vn 0.09044312632922698 0.9948743896214962 0.04522156316461346
vn 0.09044312632922698 0.9948743896214962 0.04522156316461345
vn 0.09044312632922698 0.9948743896214962 0.04522156316461343
vn 0.09044312632922696 0.9948743896214962 0.04522156316461342
vn 0.09044312632922695 0.9948743896214962 0.045221563164613406
vn 0.09044312632922694 0.9948743896214962 0.0452215631646134
vn 0.09044312632922692 0.9948743896214962 0.0452215631646134
vn 0.09044312632922691 0.9948743896214962 0.0452215631646134
vn 0.0904431263292269 0.9948743896214962 0.045221563164613406
vn 0.09044312632922688 0.9948743896214962 0.04522156316461342
vn 0.09044312632922687 0.9948743896214962 0.04522156316461343
vn 0.09044312632922687 0.9948743896214962 0.04522156316461345
vn 0.09044312632922687 0.9948743896214962 0.04522156316461346
f 1/1/1 2/2/2 26/26/26
f 2/2/2 27/27/27 26/26/26
f 2/2/2 3/3/3 27/27/27
f 3/3/3 28/28/28 27/27/27
f 3/3/3 4/4/4 28/28/28
f 4/4/4 29/29/29 28/28/28
f 4/4/4 5/5/5 29/29/29
f 5/5/5 30/30/30 29/29/29
f 5/5/5 6/6/6 30/30/30
f 6/6/6 31/31/31 30/30/30
f 6/6/6 7/7/7 31/31/31
f 7/7/7 32/32/32 31/31/31
f 7/7/7 8/8/8 32/32/32
f 8/8/8 33/33/33 32/32/32
f 8/8/8 9/9/9 33/33/33
f 9/9/9 34/34/34 33/33/33
f 9/9/9 10/10/10 34/34/34
f 10/10/10 35/35/35 34/34/34
f 10/10/10 11/11/11 35/35/35
f 11/11/11 36/36/36 35/35/35
f 11/11/11 12/12/12 36/36/36
f 12/12/12 37/37/37 36/36/36
f 12/12/12 13/13/13 37/37/37
f 13/13/13 38/38/38 37/37/37
f 13/13/13 14/14/14 38/38/38
f 14/14/14 39/39/39 38/38/38
f 14/14/14 15/15/15 39/39/39
f 15/15/15 40/40/40 39/39/39
f 15/15/15 16/16/16 40/40/40
f 16/16/16 41/41/41 40/40/40
f 16/16/16 17/17/17 41/41/41
f 17/17/17 42/42/42 41/41/41
f 17/17/17 18/18/18 42/42/42
f 18/18/18 43/43/43 42/42/42
f 18/18/18 19/19/19 43/43/43
f 19/19/19 44/44/44 43/43/43
f 19/19/19 20/20/20 44/44/44
f 20/20/20 45/45/45 44/44/44
f 20/20/20 21/21/21 45/45/45
f 21/21/21 46/46/46 45/45/45
f 21/21/21 22/22/22 46/46/46
f 22/22/22 47/47/47 46/46/46
f 22/22/22 23/23/23 47/47/47
f 23/23/23 48/48/48 47/47/47
f 23/23/23 24/24/24 48/48/48
f 24/24/24 49/49/49 48/48/48
f 24/24/24 25/25/25 49/49/49
f 25/25/25 50/50/50 49/49/49
f 26/26/26 27/27/27 51/51/51
f 27/27/27 52/52/52 51/51/51
f 27/27/27 28/28/28 52/52/52
f 28/28/28 53/53/53 52/52/52
f 28/28/28 29/29/29 53/53/53
f 29/29/29 54/54/54 53/53/53
f 29/29/29 30/30/30 54/54/54
f 30/30/30 55/55/55 54/54/54
f 30/30/30 31/31/31 55/55/55
f 31/31/31 56/56/56 55/55/55
f 31/31/31 32/32/32 56/56/56
f 32/32/32 57/57/57 56/56/56
f 32/32/32 33/33/33 57/57/57
f 33/33/33 58/58/58 57/57/57
f 33/33/33 34/34/34 58/58/58
f 34/34/34 59/59/59 58/58/58
f 34/34/34 35/35/35 59/59/59
f 35/35/35 60/60/60 59/59/59
f 35/35/35 36/36/36 60/60/60
f 36/36/36 61/61/61 60/60/60
f 36/36/36 37/37/37 61/61/61
f 37/37/37 62/62/62 61/61/61
f 37/37/37 38/38/38 62/62/62
f 38/38/38 63/63/63 62/62/62
f 38/38/38 39/39/39 63/63/63
f 39/39/39 64/64/64 63/63/63
f 39/39/39 40/40/40 64/64/64
f 40/40/40 65/65/65 64/64/64
f 40/40/40 41/41/41 65/65/65
f 41/41/41 66/66/66 65/65/65
f 41/41/41 42/42/42 66/66/66
f 42/42/42 67/67/67 66/66/66
f 42/42/42 43/43/43 67/67/67
f 43/43/43 68/68/68 67/67/67
f 43/43/43 44/44/44 68/68/68
f 44/44/44 69/69/69 68/68/68
f 44/44/44 45/45/45 69/69/69
f 45/45/45 70/70/70 69/69/69
f 45/45/45 46/46/46 70/70/70
f 46/46/46 71/71/71 70/70/70
f 46/46/46 47/47/47 71/71/71
f 47/47/47 72/72/72 71/71/71
f 47/47/47 48/48/48 72/72/72
f 48/48/48 73/73/73 72/72/72
f 48/48/48 49/49/49 73/73/73
f 49/49/49 74/74/74 73/73/73
f 49/49/49 50/50/50 74/74/74
f 50/50/50 75/75/75 74/74/74
f 51/51/51 52/52/52 76/76/76
f 52/52/52 77/77/77 76/76/76
f 52/52/52 53/53/53 77/77/77
f 53/53/53 78/78/78 77/77/77
f 53/53/53 54/54/54 78/78/78
f 54/54/54 79/79/79 78/78/78
f 54/54/54 55/55/55 79/79/79
f 55/55/55 80/80/80 79/79/79
f 55/55/55 56/56/56 80/80/80
f 56/56/56 81/81/81 80/80/80
f 56/56/56 57/57/57 81/81/81
f 57/57/57 82/82/82 81/81/81
f 57/57/57 58/58/58 82/82/82
f 58/58/58 83/83/83 82/82/82
f 58/58/58 59/59/59 83/83/83
f 59/59/59 84/84/84 83/83/83
f 59/59/59 60/60/60 84/84/84
f 60/60/60 85/85/85 84/84/84
f 60/60/60 61/61/61 85/85/85
f 61/61/61 86/86/86 85/85/85
f 61/61/61 62/62/62 86/86/86
f 62/62/62 87/87/87 86/86/86
f 62/62/62 63/63/63 87/87/87
f 63/63/63 88/88/88 87/87/87
f 63/63/63 64/64/64 88/88/88
f 64/64/64 89/89/89 88/88/88
f 64/64/64 65/65/65 89/89/89
f 65/65/65 90/90/90 89/89/89
f 65/65/65 66/66/66 90/90/90
f 66/66/66 91/91/91 90/90/90
f 66/66/66 67/67/67 91/91/91
f 67/67/67 92/92/92 91/91/91
f 67/67/67 68/68/68 92/92/92
f 68/68/68 93/93/93 92/92/92
f 68/68/68 69/69/69 93/93/93
f 69/69/69 94/94/94 93/93/93
f 69/69/69 70/70/70 94/94/94
f 70/70/70 95/95/95 94/94/94
f 70/70/70 71/71/71 95/95/95
f 71/71/71 96/96/96 95/95/95
f 71/71/71 72/72/72 96/96/96
f 72/72/72 97/97/97 96/96/96
f 72/72/72 73/73/73 97/97/97
f 73/73/73 98/98/98 97/97/97
f 73/73/73 74/74/74 98/98/98
f 74/74/74 99/99/99 98/98/98
f 74/74/74 75/75/75 99/99/99
f 75/75/75 100/100/100 99/99/99
f 76/76/76 77/77/77 101/101/101
f 77/77/77 102/102/102 101/101/101
f 77/77/77 78/78/78 102/102/102
f 78/78/78 103/103/103 102/102/102
f 78/78/78 79/79/79 103/103/103
f 79/79/79 104/104/104 103/103/103
f 79/79/79 80/80/80 104/104/104
f 80/80/80 105/105/105 104/104/104
f 80/80/80 81/81/81 105/105/105
f 81/81/81 106/106/106 105/105/105
f 81/81/81 82/82/82 106/106/106
f 82/82/82 107/107/107 106/106/106
f 82/82/82 83/83/83 107/107/107
f 83/83/83 108/108/108 107/107/107
f 83/83/83 84/84/84 108/108/108
f 84/84/84 109/109/109 108/108/108
f 84/84/84 85/85/85 109/109/109
f 85/85/85 110/110/110 109/109/109
f 85/85/85 86/86/86 110/110/110
f 86/86/86 111/111/111 110/110/110
f 86/86/86 87/87/87 111/111/111
f 87/87/87 112/112/112 111/111/111
f 87/87/87 88/88/88 112/112/112
f 88/88/88 113/113/113 112/112/112
f 88/88/88 89/89/89 113/113/113
f 89/89/89 114/114/114 113/113/113
f 89/89/89 90/90/90 114/114/114
f 90/90/90 115/115/115 114/114/114
f 90/90/90 91/91/91 115/115/115
f 91/91/91 116/116/116 115/115/115
f 91/91/91 92/92/92 116/116/116
f 92/92/92 117/117/117 116/116/116
f 92/92/92 93/93/93 117/117/117
f 93/93/93 118/118/118 117/117/117
f 93/93/93 94/94/94 118/118/118
f 94/94/94 119/119/119 118/118/118
f 94/94/94 95/95/95 119/119/119
f 95/95/95 120/120/120 119/119/119
f 95/95/95 96/96/96 120/120/120
f 96/96/96 121/121/121 120/120/120
f 96/96/96 97/97/97 121/121/121
f 97/97/97 122/122/122 121/121/121
f 97/97/97 98/98/98 122/122/122
f 98/98/98 123/123/123 122/122/122
f 98/98/98 99/99/99 123/123/123
f 99/99/99 124/124/124 123/123/123
f 99/99/99 100/100/100 124/124/124
f 100/100/100 125/125/125 124/124/124
f 101/101/101 102/102/102 126/126/126
f 102/102/102 127/127/127 126/126/126
f 102/102/102 103/103/103 127/127/127
f 103/103/103 128/128/128 127/127/127
f 103/103/103 104/104/104 128/128/128
f 104/104/104 129/129/129 128/128/128
f 104/104/104 105/105/105 129/129/129
f 105/105/105 130/130/130 129/129/129
f 105/105/105 106/106/106 130/130/130
f 106/106/106 131/131/131 130/130/130
f 106/106/106 107/107/107 131/131/131
f 107/107/107 132/132/132 131/131/131
f 107/107/107 108/108/108 132/132/132
f 108/108/108 133/133/133 132/132/132
f 108/108/108 109/109/109 133/133/133
f 109/109/109 134/134/134 133/133/133
f 109/109/109 110/110/110 134/134/134
f 110/110/110 135/135/135 134/134/134
f 110/110/110 111/111/111 135/135/135
f 111/111/111 136/136/136 135/135/135
f 111/111/111 112/112/112 136/136/136
f 112/112/112 137/137/137 136/136/136
f 112/112/112 113/113/113 137/137/137
f 113/113/113 138/138/138 137/137/137
f 113/113/113 114/114/114 138/138/138
f 114/114/114 139/139/139 138/138/138
f 114/114/114 115/115/115 139/139/139
f 115/115/115 140/140/140 139/139/139
f 115/115/115 116/116/116 140/140/140
f 116/116/116 141/141/141 140/140/140
f 116/116/116 117/117/117 141/141/141
f 117/117/117 142/142/142 141/141/141
f 117/117/117 118/118/118 142/142/142
f 118/118/118 143/143/143 142/142/142
f 118/118/118 119/119/119 143/143/143
f 119/119/119 144/144/144 143/143/143
f 119/119/119 120/120/120 144/144/144
f 120/120/120 145/145/145 144/144/144
f 120/120/120 121/121/121 145/145/145
f 121/121/121 146/146/146 145/145/145
f 121/121/121 122/122/122 146/146/146
f 122/122/122 147/147/147 146/146/146
f 122/122/122 123/123/123 147/147/147
f 123/123/123 148/148/148 147/147/147
f 123/123/123 124/124/124 148/148/148
f 124/124/124 149/149/149 148/148/148
f 124/124/124 125/125/125 149/149/149
f 125/125/125 150/150/150 149/149/149
f 126/126/126 127/127/127 151/151/151
f 127/127/127 152/152/152 151/151/151
f 127/127/127 128/128/128 152/152/152
f 128/128/128 153/153/153 152/152/152
f 128/128/128 129/129/129 153/153/153
f 129/129/129 154/154/154 153/153/153
f 129/129/129 130/130/130 154/154/154
f 130/130/130 155/155/155 154/154/154
f 130/130/130 131/131/131 155/155/155
f 131/131/131 156/156/156 155/155/155
f 131/131/131 132/132/132 156/156/156
f 132/132/132 157/157/157 156/156/156
f 132/132/132 133/133/133 157/157/157
f 133/133/133 158/158/158 157/157/157
f 133/133/133 134/134/134 158/158/158
f 134/134/134 159/159/159 158/158/158
f 134/134/134 135/135/135 159/159/159
f 135/135/135 160/160/160 159/159/159
f 135/135/135 136/136/136 160/160/160
f 136/136/136 161/161/161 160/160/160
f 136/136/136 137/137/137 161/161/161
f 137/137/137 162/162/162 161/161/161
f 137/137/137 138/138/138 162/162/162
f 138/138/138 163/163/163 162/162/162
f 138/138/138 139/139/139 163/163/163
f 139/139/139 164/164/164 163/163/163
f 139/139/139 140/140/140 164/164/164
f 140/140/140 165/165/165 164/164/164
f 140/140/140 141/141/141 165/165/165
f 141/141/141 166/166/166 165/165/165
f 141/141/141 142/142/142 166/166/166
f 142/142/142 167/167/167 166/166/166
f 142/142/142 143/143/143 167/167/167
f 143/143/143 168/168/168 167/167/167
f 143/143/143 144/144/144 168/168/168
f 144/144/144 169/169/169 168/168/168
f 144/144/144 145/145/145 169/169/169
f 145/145/145 170/170/170 169/169/169
f 145/145/145 146/146/146 170/170/170
f 146/146/146 171/171/171 170/170/170
f 146/146/146 147/147/147 171/171/171
f 147/147/147 172/172/172 171/171/171
f 147/147/147 148/148/148 172/172/172
f 148/148/148 173/173/173 172/172/172
f 148/148/148 149/149/149 173/173/173
f 149/149/149 174/174/174 173/173/173
f 149/149/149 150/150/150 174/174/174
f 150/150/150 175/175/175 174/174/174
f 151/151/151 152/152/152 176/176/176
f 152/152/152 177/177/177 176/176/176
f 152/152/152 153/153/153 177/177/177
f 153/153/153 178/178/178 177/177/177
f 153/153/153 154/154/154 178/178/178
f 154/154/154 179/179/179 178/178/178
f 154/154/154 155/155/155 179/179/179
f 155/155/155 180/180/180 179/179/179
f 155/155/155 156/156/156 180/180/180
f 156/156/156 181/181/181 180/180/180
f 156/156/156 157/157/157 181/181/181
f 157/157/157 182/182/182 181/181/181
f 157/157/157 158/158/158 182/182/182
f 158/158/158 183/183/183 182/182/182
f 158/158/158 159/159/159 183/183/183
f 159/159/159 184/184/184 183/183/183
f 159/159/159 160/160/160 184/184/184
f 160/160/160 185/185/185 184/184/184
f 160/160/160 161/161/161 185/185/185
f 161/161/161 186/186/186 185/185/185
f 161/161/161 162/162/162 186/186/186
f 162/162/162 187/187/187 186/186/186
f 162/162/162 163/163/163 187/187/187
f 163/163/163 188/188/188 187/187/187
f 163/163/163 164/164/164 188/188/188
f 164/164/164 189/189/189 188/188/188
f 164/164/164 165/165/165 189/189/189
f 165/165/165 190/190/190 189/189/189
f 165/165/165 166/166/166 190/190/190
f 166/166/166 191/191/191 190/190/190
f 166/166/166 167/167/167 191/191/191
f 167/167/167 192/192/192 191/191/191
f 167/167/167 168/168/168 192/192/192
f 168/168/168 193/193/193 192/192/192
f 168/168/168 169/169/169 193/193/193
f 169/169/169 194/194/194 193/193/193
f 169/169/169 170/170/170 194/194/194
f 170/170/170 195/195/195 194/194/194
f 170/170/170 171/171/171 195/195/195
f 171/171/171 196/196/196 195/195/195
f 171/171/171 172/172/172 196/196/196
f 172/172/172 197/197/197 196/196/196
f 172/172/172 173/173/173 197/197/197
f 173/173/173 198/198/198 197/197/197
f 173/173/173 174/174/174 198/198/198
f 174/174/174 199/199/199 198/198/198
f 174/174/174 175/175/175 199/199/199
f 175/175/175 200/200/200 199/199/199
f 176/176/176 177/177/177 201/201/201
f 177/177/177 202/202/202 201/201/201
f 177/177/177 178/178/178 202/202/202
f 178/178/178 203/203/203 202/202/202
f 178/178/178 179/179/179 203/203/203
f 179/179/179 204/204/204 203/203/203
f 179/179/179 180/180/180 204/204/204
f 180/180/180 205/205/205 204/204/204
f 180/180/180 181/181/181 205/205/205
f 181/181/181 206/206/206 205/205/205
f 181/181/181 182/182/182 206/206/206
f 182/182/182 207/207/207 206/206/206
f 182/182/182 183/183/183 207/207/207
f 183/183/183 208/208/208 207/207/207
f 183/183/183 184/184/184 208/208/208
f 184/184/184 209/209/209 208/208/208
f 184/184/184 185/185/185 209/209/209
f 185/185/185 210/210/210 209/209/209
f 185/185/185 186/186/186 210/210/210
f 186/186/186 211/211/211 210/210/210
f 186/186/186 187/187/187 211/211/211
f 187/187/187 212/212/212 211/211/211
f 187/187/187 188/188/188 212/212/212
f 188/188/188 213/213/213 212/212/212
f 188/188/188 189/189/189 213/213/213
f 189/189/189 214/214/214 213/213/213
f 189/189/189 190/190/190 214/214/214
f 190/190/190 215/215/215 214/214/214
f 190/190/190 191/191/191 215/215/215
f 191/191/191 216/216/216 215/215/215
f 191/191/191 192/192/192 216/216/216
f 192/192/192 217/217/217 216/216/216
f 192/192/192 193/193/193 217/217/217
f 193/193/193 218/218/218 217/217/217
f 193/193/193 194/194/194 218/218/218
f 194/194/194 219/219/219 218/218/218
f 194/194/194 195/195/195 219/219/219
f 195/195/195 220/220/220 219/219/219
f 195/195/195 196/196/196 220/220/220
f 196/196/196 221/221/221 220/220/220
f 196/196/196 197/197/197 221/221/221
f 197/197/197 222/222/222 221/221/221
f 197/197/197 198/198/198 222/222/222
f 198/198/198 223/223/223 222/222/222
f 198/198/198 199/199/199 223/223/223
f 199/199/199 224/224/224 223/223/223
f 199/199/199 200/200/200 224/224/224
f 200/200/200 225/225/225 224/224/224
f 201/201/201 202/202/202 226/226/226
f 202/202/202 227/227/227 226/226/226
f 202/202/202 203/203/203 227/227/227
f 203/203/203 228/228/228 227/227/227
f 203/203/203 204/204/204 228/228/228
f 204/204/204 229/229/229 228/228/228
f 204/204/204 205/205/205 229/229/229
f 205/205/205 230/230/230 229/229/229
f 205/205/205 206/206/206 230/230/230
f 206/206/206 231/231/231 230/230/230
f 206/206/206 207/207/207 231/231/231
f 207/207/207 232/232/232 231/231/231
f 207/207/207 208/208/208 232/232/232
f 208/208/208 233/233/233 232/232/232
f 208/208/208 209/209/209 233/233/233
f 209/209/209 234/234/234 233/233/233
f 209/209/209 210/210/210 234/234/234
f 210/210/210 235/235/235 234/234/234
f 210/210/210 211/211/211 235/235/235
f 211/211/211 236/236/236 235/235/235
f 211/211/211 212/212/212 236/236/236
f 212/212/212 237/237/237 236/236/236
f 212/212/212 213/213/213 237/237/237
f 213/213/213 238/238/238 237/237/237
f 213/213/213 214/214/214 238/238/238
f 214/214/214 239/239/239 238/238/238
f 214/214/214 215/215/215 239/239/239
f 215/215/215 240/240/240 239/239/239
f 215/215/215 216/216/216 240/240/240
f 216/216/216 241/241/241 240/240/240
f 216/216/216 217/217/217 241/241/241
f 217/217/217 242/242/242 241/241/241
f 217/217/217 218/218/218 242/242/242
f 218/218/218 243/243/243 242/242/242
f 218/218/218 219/219/219 243/243/243
f 219/219/219 244/244/244 243/243/243
f 219/219/219 220/220/220 244/244/244
f 220/220/220 245/245/245 244/244/244
f 220/220/220 221/221/221 245/245/245
f 221/221/221 246/246/246 245/245/245
f 221/221/221 222/222/222 246/246/246
f 222/222/222 247/247/247 246/246/246
f 222/222/222 223/223/223 247/247/247
f 223/223/223 248/248/248 247/247/247
f 223/223/223 224/224/224 248/248/248
f 224/224/224 249/249/249 248/248/248
f 224/224/224 225/225/225 249/249/249
f 225/225/225 250/250/250 249/249/249
f 226/226/226 227/227/227 251/251/251
f 227/227/227 252/252/252 251/251/251
f 227/227/227 228/228/228 252/252/252
f 228/228/228 253/253/253 252/252/252
f 228/228/228 229/229/229 253/253/253
f 229/229/229 254/254/254 253/253/253
f 229/229/229 230/230/230 254/254/254
f 230/230/230 255/255/255 254/254/254
f 230/230/230 231/231/231 255/255/255
f 231/231/231 256/256/256 255/255/255
f 231/231/231 232/232/232 256/256/256
f 232/232/232 257/257/257 256/256/256
f 232/232/232 233/233/233 257/257/257
f 233/233/233 258/258/258 257/257/257
f 233/233/233 234/234/234 258/258/258
f 234/234/234 259/259/259 258/258/258
f 234/234/234 235/235/235 259/259/259
f 235/235/235 260/260/260 259/259/259
f 235/235/235 236/236/236 260/260/260
f 236/236/236 261/261/261 260/260/260
f 236/236/236 237/237/237 261/261/261
f 237/237/237 262/262/262 261/261/261
f 237/237/237 238/238/238 262/262/262
f 238/238/238 263/263/263 262/262/262
f 238/238/238 239/239/239 263/263/263
f 239/239/239 264/264/264 263/263/263
f 239/239/239 240/240/240 264/264/264
f 240/240/240 265/265/265 264/264/264
f 240/240/240 241/241/241 265/265/265
f 241/241/241 266/266/266 265/265/265
f 241/241/241 242/242/242 266/266/266
f 242/242/242 267/267/267 266/266/266
f 242/242/242 243/243/243 267/267/267
f 243/243/243 268/268/268 267/267/267
f 243/243/243 244/244/244 268/268/268
f 244/244/244 269/269/269 268/268/268
f 244/244/244 245/245/245 269/269/269
f 245/245/245 270/270/270 269/269/269
f 245/245/245 246/246/246 270/270/270
f 246/246/246 271/271/271 270/270/270
f 246/246/246 247/247/247 271/271/271
f 247/247/247 272/272/272 271/271/271
f 247/247/247 248/248/248 272/272/272
f 248/248/248 273/273/273 272/272/272
f 248/248/248 249/249/249 273/273/273
f 249/249/249 274/274/274 273/273/273
f 249/249/249 250/250/250 274/274/274
f 250/250/250 275/275/275 274/274/274
f 251/251/251 252/252/252 276/276/276
f 252/252/252 277/277/277 276/276/276
f 252/252/252 253/253/253 277/277/277
f 253/253/253 278/278/278 277/277/277
f 253/253/253 254/254/254 278/278/278
f 254/254/254 279/279/279 278/278/278
f 254/254/254 255/255/255 279/279/279
f 255/255/255 280/280/280 279/279/279
f 255/255/255 256/256/256 280/280/280
f 256/256/256 281/281/281 280/280/280
f 256/256/256 257/257/257 281/281/281
f 257/257/257 282/282/282 281/281/281
f 257/257/257 258/258/258 282/282/282
f 258/258/258 283/283/283 282/282/282
f 258/258/258 259/259/259 283/283/283
f 259/259/259 284/284/284 283/283/283
f 259/259/259 260/260/260 284/284/284
f 260/260/260 285/285/285 284/284/284
f 260/260/260 261/261/261 285/285/285
f 261/261/261 286/286/286 285/285/285
f 261/261/261 262/262/262 286/286/286
f 262/262/262 287/287/287 286/286/286
f 262/262/262 263/263/263 287/287/287
f 263/263/263 288/288/288 287/287/287
f 263/263/263 264/264/264 288/288/288
f 264/264/264 289/289/289 288/288/288
f 264/264/264 265/265/265 289/289/289
f 265/265/265 290/290/290 289/289/289
f 265/265/265 266/266/266 290/290/290
f 266/266/266 291/291/291 290/290/290
f 266/266/266 267/267/267 291/291/291
f 267/267/267 292/292/292 291/291/291
f 267/267/267 268/268/268 292/292/292
f 268/268/268 293/293/293 292/292/292
f 268/268/268 269/269/269 293/293/293
f 269/269/269 294/294/294 293/293/293
f 269/269/269 270/270/270 294/294/294
f 270/270/270 295/295/295 294/294/294
f 270/270/270 271/271/271 295/295/295
f 271/271/271 296/296/296 295/295/295
f 271/271/271 272/272/272 296/296/296
f 272/272/272 297/297/297 296/296/296
f 272/272/272 273/273/273 297/297/297
f 273/273/273 298/298/298 297/297/297
f 273/273/273 274/274/274 298/298/298
f 274/274/274 299/299/299 298/298/298
f 274/274/274 275/275/275 299/299/299
f 275/275/275 300/300/300 299/299/299
f 276/276/276 277/277/277 301/301/301
f 277/277/277 302/302/302 301/301/301
f 277/277/277 278/278/278 302/302/302
f 278/278/278 303/303/303 302/302/302
f 278/278/278 279/279/279 303/303/303
f 279/279/279 304/304/304 303/303/303
f 279/279/279 280/280/280 304/304/304
f 280/280/280 305/305/305 304/304/304
f 280/280/280 281/281/281 305/305/305
f 281/281/281 306/306/306 305/305/305
f 281/281/281 282/282/282 306/306/306
f 282/282/282 307/307/307 306/306/306
f 282/282/282 283/283/283 307/307/307
f 283/283/283 308/308/308 307/307/307
f 283/283/283 284/284/284 308/308/308
f 284/284/284 309/309/309 308/308/308
f 284/284/284 285/285/285 309/309/309
f 285/285/285 310/310/310 309/309/309
f 285/285/285 286/286/286 310/310/310
f 286/286/286 311/311/311 310/310/310
f 286/286/286 287/287/287 311/311/311
f 287/287/287 312/312/312 311/311/311
f 287/287/287 288/288/288 312/312/312
f 288/288/288 313/313/313 312/312/312
f 288/288/288 289/289/289 313/313/313
f 289/289/289 314/314/314 313/313/313
f 289/289/289 290/290/290 314/314/314
f 290/290/290 315/315/315 314/314/314
f 290/290/290 291/291/291 315/315/315
f 291/291/291 316/316/316 315/315/315
f 291/291/291 292/292/292 316/316/316
f 292/292/292 317/317/317 316/316/316
f 292/292/292 293/293/293 317/317/317
f 293/293/293 318/318/318 317/317/317
f 293/293/293 294/294/294 318/318/318
f 294/294/294 319/319/319 318/318/318
f 294/294/294 295/295/295 319/319/319
f 295/295/295 320/320/320 319/319/319
f 295/295/295 296/296/296 320/320/320
f 296/296/296 321/321/321 320/320/320
f 296/296/296 297/297/297 321/321/321
f 297/297/297 322/322/322 321/321/321
f 297/297/297 298/298/298 322/322/322
f 298/298/298 323/323/323 322/322/322
f 298/298/298 299/299/299 323/323/323
f 299/299/299 324/324/324 323/323/323
f 299/299/299 300/300/300 324/324/324
f 300/300/300 325/325/325 324/324/324
f 301/301/301 302/302/302 326/326/326
f 302/302/302 327/327/327 326/326/326
f 302/302/302 303/303/303 327/327/327
f 303/303/303 328/328/328 327/327/327
f 303/303/303 304/304/304 328/328/328
f 304/304/304 329/329/329 328/328/328
f 304/304/304 305/305/305 329/329/329
f 305/305/305 330/330/330 329/329/329
f 305/305/305 306/306/306 330/330/330
f 306/306/306 331/331/331 330/330/330
f 306/306/306 307/307/307 331/331/331
f 307/307/307 332/332/332 331/331/331
f 307/307/307 308/308/308 332/332/332
f 308/308/308 333/333/333 332/332/332
f 308/308/308 309/309/309 333/333/333
f 309/309/309 334/334/334 333/333/333
f 309/309/309 310/310/310 334/334/334
f 310/310/310 335/335/335 334/334/334
f 310/310/310 311/311/311 335/335/335
f 311/311/311 336/336/336 335/335/335
f 311/311/311 312/312/312 336/336/336
f 312/312/312 337/337/337 336/336/336
f 312/312/312 313/313/313 337/337/337
f 313/313/313 338/338/338 337/337/337
f 313/313/313 314/314/314 338/338/338
f 314/314/314 339/339/339 338/338/338
f 314/314/314 315/315/315 339/339/339
f 315/315/315 340/340/340 339/339/339
f 315/315/315 316/316/316 340/340/340
f 316/316/316 341/341/341 340/340/340
f 316/316/316 317/317/317 341/341/341
f 317/317/317 342/342/342 341/341/341
f 317/317/317 318/318/318 342/342/342
f 318/318/318 343/343/343 342/342/342
f 318/318/318 319/319/319 343/343/343
f 319/319/319 344/344/344 343/343/343
f 319/319/319 320/320/320 344/344/344
f 320/320/320 345/345/345 344/344/344
f 320/320/320 321/321/321 345/345/345
f 321/321/321 346/346/346 345/345/345
f 321/321/321 322/322/322 346/346/346
f 322/322/322 347/347/347 346/346/346
f 322/322/322 323/323/323 347/347/347
f 323/323/323 348/348/348 347/347/347
f 323/323/323 324/324/324 348/348/348
f 324/324/324 349/349/349 348/348/348
f 324/324/324 325/325/325 349/349/349
f 325/325/325 350/350/350 349/349/349
f 326/326/326 327/327/327 351/351/351
f 327/327/327 352/352/352 351/351/351
f 327/327/327 328/328/328 352/352/352
f 328/328/328 353/353/353 352/352/352
f 328/328/328 329/329/329 353/353/353
f 329/329/329 354/354/354 353/353/353
f 329/329/329 330/330/330 354/354/354
f 330/330/330 355/355/355 354/354/354
f 330/330/330 331/331/331 355/355/355
f 331/331/331 356/356/356 355/355/355
f 331/331/331 332/332/332 356/356/356
f 332/332/332 357/357/357 356/356/356
f 332/332/332 333/333/333 357/357/357
f 333/333/333 358/358/358 357/357/357
f 333/333/333 334/334/334 358/358/358
f 334/334/334 359/359/359 358/358/358
f 334/334/334 335/335/335 359/359/359
f 335/335/335 360/360/360 359/359/359
f 335/335/335 336/336/336 360/360/360
f 336/336/336 361/361/361 360/360/360
f 336/336/336 337/337/337 361/361/361
f 337/337/337 362/362/362 361/361/361
f 337/337/337 338/338/338 362/362/362
f 338/338/338 363/363/363 362/362/362
f 338/338/338 339/339/339 363/363/363
f 339/339/339 364/364/364 363/363/363
f 339/339/339 340/340/340 364/364/364
f 340/340/340 365/365/365 364/364/364
f 340/340/340 341/341/341 365/365/365
f 341/341/341 366/366/366 365/365/365
f 341/341/341 342/342/342 366/366/366
f 342/342/342 367/367/367 366/366/366
f 342/342/342 343/343/343 367/367/367
f 343/343/343 368/368/368 367/367/367
f 343/343/343 344/344/344 368/368/368
f 344/344/344 369/369/369 368/368/368
f 344/344/344 345/345/345 369/369/369
f 345/345/345 370/370/370 369/369/369
f 345/345/345 346/346/346 370/370/370
f 346/346/346 371/371/371 370/370/370
f 346/346/346 347/347/347 371/371/371
f 347/347/347 372/372/372 371/371/371
f 347/347/347 348/348/348 372/372/372
f 348/348/348 373/373/373 372/372/372
f 348/348/348 349/349/349 373/373/373
f 349/349/349 374/374/374 373/373/373
f 349/349/349 350/350/350 374/374/374
f 350/350/350 375/375/375 374/374/374
f 351/351/351 352/352/352 376/376/376
f 352/352/352 377/377/377 376/376/376
f 352/352/352 353/353/353 377/377/377
f 353/353/353 378/378/378 377/377/377
f 353/353/353 354/354/354 378/378/378
f 354/354/354 379/379/379 378/378/378
f 354/354/354 355/355/355 379/379/379
f 355/355/355 380/380/380 379/379/379
f 355/355/355 356/356/356 380/380/380
f 356/356/356 381/381/381 380/380/380
f 356/356/356 357/357/357 381/381/381
f 357/357/357 382/382/382 381/381/381
f 357/357/357 358/358/358 382/382/382
f 358/358/358 383/383/383 382/382/382
f 358/358/358 359/359/359 383/383/383
f 359/359/359 384/384/384 383/383/383
f 359/359/359 360/360/360 384/384/384
f 360/360/360 385/385/385 384/384/384
f 360/360/360 361/361/361 385/385/385
f 361/361/361 386/386/386 385/385/385
f 361/361/361 362/362/362 386/386/386
f 362/362/362 387/387/387 386/386/386
f 362/362/362 363/363/363 387/387/387
f 363/363/363 388/388/388 387/387/387
f 363/363/363 364/364/364 388/388/388
f 364/364/364 389/389/389 388/388/388
f 364/364/364 365/365/365 389/389/389
f 365/365/365 390/390/390 389/389/389
f 365/365/365 366/366/366 390/390/390
f 366/366/366 391/391/391 390/390/390
f 366/366/366 367/367/367 391/391/391
f 367/367/367 392/392/392 391/391/391
f 367/367/367 368/368/368 392/392/392
f 368/368/368 393/393/393 392/392/392
f 368/368/368 369/369/369 393/393/393
f 369/369/369 394/394/394 393/393/393
f 369/369/369 370/370/370 394/394/394
f 370/370/370 395/395/395 394/394/394
f 370/370/370 371/371/371 395/395/395
f 371/371/371 396/396/396 395/395/395
f 371/371/371 372/372/372 396/396/396
f 372/372/372 397/397/397 396/396/396
f 372/372/372 373/373/373 397/397/397
f 373/373/373 398/398/398 397/397/397
f 373/373/373 374/374/374 398/398/398
f 374/374/374 399/399/399 398/398/398
f 374/374/374 375/375/375 399/399/399
f 375/375/375 400/400/400 399/399/399
f 376/376/376 377/377/377 401/401/401
f 377/377/377 402/402/402 401/401/401
f 377/377/377 378/378/378 402/402/402
f 378/378/378 403/403/403 402/402/402
f 378/378/378 379/379/379 403/403/403
f 379/379/379 404/404/404 403/403/403
f 379/379/379 380/380/380 404/404/404
f 380/380/380 405/405/405 404/404/404
f 380/380/380 381/381/381 405/405/405
f 381/381/381 406/406/406 405/405/405
f 381/381/381 382/382/382 406/406/406
f 382/382/382 407/407/407 406/406/406
f 382/382/382 383/383/383 407/407/407
f 383/383/383 408/408/408 407/407/407
f 383/383/383 384/384/384 408/408/408
f 384/384/384 409/409/409 408/408/408
f 384/384/384 385/385/385 409/409/409
f 385/385/385 410/410/410 409/409/409
f 385/385/385 386/386/386 410/410/410
f 386/386/386 411/411/411 410/410/410
f 386/386/386 387/387/387 411/411/411
f 387/387/387 412/412/412 411/411/411
f 387/387/387 388/388/388 412/412/412
f 388/388/388 413/413/413 412/412/412
f 388/388/388 389/389/389 413/413/413
f 389/389/389 414/414/414 413/413/413
f 389/389/389 390/390/390 414/414/414
f 390/390/390 415/415/415 414/414/414
f 390/390/390 391/391/391 415/415/415
f 391/391/391 416/416/416 415/415/415
f 391/391/391 392/392/392 416/416/416
f 392/392/392 417/417/417 416/416/416
f 392/392/392 393/393/393 417/417/417
f 393/393/393 418/418/418 417/417/417
f 393/393/393 394/394/394 418/418/418
f 394/394/394 419/419/419 418/418/418
f 394/394/394 395/395/395 419/419/419
f 395/395/395 420/420/420 419/419/419
f 395/395/395 396/396/396 420/420/420
f 396/396/396 421/421/421 420/420/420
f 396/396/396 397/397/397 421/421/421
f 397/397/397 422/422/422 421/421/421
f 397/397/397 398/398/398 422/422/422
f 398/398/398 423/423/423 422/422/422
f 398/398/398 399/399/399 423/423/423
f 399/399/399 424/424/424 423/423/423
f 399/399/399 400/400/400 424/424/424
f 400/400/400 425/425/425 424/424/424
f 401/401/401 402/402/402 426/426/426
f 402/402/402 427/427/427 426/426/426
f 402/402/402 403/403/403 427/427/427
f 403/403/403 428/428/428 427/427/427
f 403/403/403 404/404/404 428/428/428
f 404/404/404 429/429/429 428/428/428
f 404/404/404 405/405/405 429/429/429
f 405/405/405 430/430/430 429/429/429
f 405/405/405 406/406/406 430/430/430
f 406/406/406 431/431/431 430/430/430
f 406/406/406 407/407/407 431/431/431
f 407/407/407 432/432/432 431/431/431
f 407/407/407 408/408/408 432/432/432
f 408/408/408 433/433/433 432/432/432
f 408/408/408 409/409/409 433/433/433
f 409/409/409 434/434/434 433/433/433
f 409/409/409 410/410/410 434/434/434
f 410/410/410 435/435/435 434/434/434
f 410/410/410 411/411/411 435/435/435
f 411/411/411 436/436/436 435/435/435
f 411/411/411 412/412/412 436/436/436
f 412/412/412 437/437/437 436/436/436
f 412/412/412 413/413/413 437/437/437
f 413/413/413 438/438/438 437/437/437
f 413/413/413 414/414/414 438/438/438
f 414/414/414 439/439/439 438/438/438
f 414/414/414 415/415/415 439/439/439
f 415/415/415 440/440/440 439/439/439
f 415/415/415 416/416/416 440/440/440
f 416/416/416 441/441/441 440/440/440
f 416/416/416 417/417/417 441/441/441
f 417/417/417 442/442/442 441/441/441
f 417/417/417 418/418/418 442/442/442
f 418/418/418 443/443/443 442/442/442
f 418/418/418 419/419/419 443/443/443
f 419/419/419 444/444/444 443/443/443
f 419/419/419 420/420/420 444/444/444
f 420/420/420 445/445/445 444/444/444
f 420/420/420 421/421/421 445/445/445
f 421/421/421 446/446/446 445/445/445
f 421/421/421 422/422/422 446/446/446
f 422/422/422 447/447/447 446/446/446
f 422/422/422 423/423/423 447/447/447
f 423/423/423 448/448/448 447/447/447
f 423/423/423 424/424/424 448/448/448
f 424/424/424 449/449/449 448/448/448
f 424/424/424 425/425/425 449/449/449
f 425/425/425 450/450/450 449/449/449
o antebrazo
usemtl piel
v 0.020000000012694884 0.32999999970801774 0.009999999987305115
v 0.020000000012694884 0.32999999970801774 0.009999999987305115
v 0.020000000012694884 0.32999999970801774 0.009999999987305115
v 0.020000000012694884 0.32999999970801774 0.009999999987305115
v 0.020000000012694884 0.32999999970801774 0.009999999987305115
v 0.020000000012694884 0.32999999970801774 0.009999999987305115
v 0.020000000012694884 0.32999999970801774 0.009999999987305115
v 0.020000000012694884 0.32999999970801774 0.009999999987305115
v 0.020000000012694884 0.32999999970801774 0.009999999987305115
v 0.020000000012694884 0.32999999970801774 0.009999999987305115
v 0.020000000012694884 0.32999999970801774 0.009999999987305115
v 0.020000000012694884 0.32999999970801774 0.009999999987305115
v 0.020000000012694884 0.32999999970801774 0.009999999987305115
v 0.020000000012694884 0.32999999970801774 0.009999999987305115
v 0.020000000012694884 0.32999999970801774 0.009999999987305115
v 0.020000000012694884 0.32999999970801774 0.009999999987305115
v 0.020000000012694884 0.32999999970801774 0.009999999987305115
v 0.020000000012694884 0.32999999970801774 0.009999999987305115
v 0.020000000012694884 0.32999999970801774 0.009999999987305115
v 0.020000000012694884 0.32999999970801774 0.009999999987305115
v 0.020000000012694884 0.32999999970801774 0.009999999987305115
v 0.020000000012694884 0.32999999970801774 0.009999999987305115
v 0.020000000012694884 0.32999999970801774 0.009999999987305115
v 0.020000000012694884 0.32999999970801774 0.009999999987305115
v 0.020000000012694884 0.32999999970801774 0.009999999987305115
v 0.011778907462847365 0.33044991519616035 0.010027298830556735
v 0.012059839641636788 0.33037000032982705 0.012146272935011802
v 0.012879494336139023 0.3303197637496403 0.014121368973810614
v 0.014182012832543832 0.330302628980195 0.015817987167456166
v 0.015878631026189385 0.3303197637496403 0.017120505663860978
v 0.017853727064988195 0.33037000032982705 0.01794016035836321
v 0.01997270116944326 0.33044991519616035 0.018221092537152636
v 0.022091148984009015 0.3305540622579842 0.01794415792976917
v 0.024064702017429787 0.33067534410946137 0.017128228379216473
v 0.025758865644608532 0.33080549555598143 0.015828908736432997
v 0.027058185287392005 0.33093564700250155 0.014134745109254256
v 0.0278741148379447 0.33105692885397864 0.012161192075833483
v 0.028151049445328168 0.3311610759158025 0.010042744261267732
v 0.027870117266538742 0.3312409907821358 0.007923770156812665
v 0.027050462572036506 0.33129122736232264 0.005948674118013853
v 0.025747944075631697 0.3313083621317679 0.004252055924368302
v 0.024051325881986142 0.33129122736232264 0.0029495374279634896
v 0.022076229843187335 0.3312409907821358 0.0021298827334612566
v 0.01995725573873227 0.3311610759158025 0.001848950554671833
v 0.017838807924166516 0.33105692885397864 0.0021258851620552972
v 0.015865254890745743 0.33093564700250155 0.0029418147126079944
v 0.014171091263567002 0.33080549555598143 0.00424113435539147
v 0.012871771620783524 0.33067534410946137 0.005935297982570212
v 0.012055842070230829 0.3305540622579842 0.007908851015990984
v 0.011778907462847365 0.33044991519616035 0.010027298830556735
v 0.0038037045927121604 0.33249353631364925 0.010123591881863833
v 0.00435477248356321 0.33233677764811853 0.014280109079921458
v 0.005962582660661742 0.332238235056983 0.018154398853136494
v 0.008517564459441017 0.3322046239748681 0.02148243554055898
v 0.011845601146863505 0.332238235056983 0.024037417339338257
v 0.01571989092007854 0.33233677764811853 0.02564522751643679
v 0.019876408118136166 0.33249353631364925 0.026196295407287837
v 0.024031892962196353 0.3326978281056741 0.025653069034776207
v 0.027903156022130473 0.3329357309798139 0.024052565989495293
v 0.03122637790449446 0.3331910322364801 0.021503858968536203
v 0.03377508492545356 0.33344633349314634 0.018180637086172215
v 0.035375587970734465 0.3336842363672861 0.014309374026238095
v 0.0359188143432461 0.33388852815931097 0.01015388918217791
v 0.035367746452395044 0.3340452868248417 0.005997371984120283
v 0.03375993627529651 0.3341438294159772 0.0021230822109052465
v 0.03120495447651724 0.3341774404980921 -0.0012049544765172435
v 0.027876917789094752 0.3341438294159772 -0.0037599362752965167
v 0.024002628015879716 0.3340452868248417 -0.005367746452395048
v 0.019846110817822095 0.33388852815931097 -0.0059188143432461
v 0.015690625973761904 0.3336842363672861 -0.005375587970734466
v 0.011819362913827784 0.33344633349314634 -0.003775084925453552
v 0.008496141031463797 0.3331910322364801 -0.0012263779044944592
v 0.005947434010504706 0.3329357309798139 0.002096843977869526
v 0.004346930965223792 0.3326978281056741 0.005968107037803646
v 0.0038037045927121604 0.33249353631364925 0.01012359188186383
v -0.0036191284981387482 0.3360523249536309 0.010285178529919942
v -0.002819100828557724 0.33582474667930723 0.01631950650894593
v -0.0004849212623840495 0.3356816850423137 0.02194410372597038
v 0.003224337179120714 0.3356328893617309 0.026775662820879283
v 0.008055896274029618 0.3356816850423137 0.03048492126238405
v 0.013680493491054066 0.33582474667930723 0.032819100828557726
v 0.019714821470080055 0.3360523249536309 0.03361912849813875
v 0.025747650701339664 0.33634891072668016 0.0328304849492653
v 0.031367853809905526 0.33669429222072816 0.030506913694726946
v 0.036192422891687656 0.33706493213204536 0.02680676481621334
v 0.039892571770201266 0.3374355720433626 0.021982195734431206
v 0.042216143024739625 0.3377809535374106 0.016361992625865344
v 0.04300478657361306 0.33807753931045986 0.01032916339460574
v 0.04220475890403204 0.33830511758478354 0.004294835415579746
v 0.03987057933785837 0.33844817922177706 -0.001329761801444701
v 0.0361613208963536 0.33849697490235986 -0.006161320896353604
v 0.0313297618014447 0.33844817922177706 -0.00987057933785837
v 0.02570516458442025 0.33830511758478354 -0.012204758904032043
v 0.019670836605394267 0.33807753931045986 -0.013004786573613068
v 0.013638007374134654 0.3377809535374106 -0.012216143024739622
v 0.008017804265568793 0.3374355720433626 -0.009892571770201267
v 0.0031932351837866604 0.33706493213204536 -0.006192422891687661
v -0.000506913694726949 0.33669429222072816 -0.0013678538099055268
v -0.002830484949265303 0.33634891072668016 0.004252349298660335
v -0.0036191284981387482 0.3360523249536309 0.010285178529919937
v -0.01020433459140014 0.3409895187304174 0.010505849082839
v -0.009186090988440868 0.3406998665977467 0.018186091737224214
v -0.006215246284157129 0.3405177835561045 0.02534484639927754
v -0.001494254525576319 0.34045567849663855 0.03149425452557632
v 0.00465515360072246 0.3405177835561045 0.03621524628415713
v 0.011813908262775783 0.3406998665977467 0.039186090988440864
v 0.019494150917160995 0.3409895187304174 0.04020433459140014
v 0.027172486024594992 0.34136700088142585 0.03920058022563985
v 0.03432564805187055 0.34180658805148434 0.03624323734157017
v 0.04046615957662589 0.3422783232257972 0.031533839857129986
v 0.045175557061066074 0.34275005840011 0.02539332833237465
v 0.048132899945135754 0.3431896455701685 0.018240166305099087
v 0.04913665431089604 0.343567127721177 0.010561831197665097
v 0.048118410707936765 0.34385677985384766 0.0028815885432798803
v 0.04514756600365303 0.3440388628954898 -0.004277166118773441
v 0.04042657424507222 0.3441009679549558 -0.01042657424507222
v 0.03427716611877344 0.3440388628954898 -0.01514756600365303
v 0.02711841145672012 0.34385677985384766 -0.018118410707936766
v 0.01943816880233491 0.343567127721177 -0.01913665431089604
v 0.01175983369490091 0.3431896455701685 -0.018132899945135755
v 0.0046066716676253505 0.34275005840011 -0.015175557061066075
v -0.0015338398571299872 0.3422783232257972 -0.010466159576625889
v -0.006243237341570174 0.34180658805148434 -0.004325648051870551
v -0.00920058022563985 0.34136700088142585 0.002827513975405007
v -0.01020433459140014 0.3409895187304174 0.010505849082838994
v -0.015698847966821784 0.34711539148006637 0.010777123617561453
v -0.01450152221160109 0.3467747965084599 0.01980813371973211
v -0.01100817685523434 0.34656068957996805 0.028225938431410025
v -0.005456878682949549 0.3464876616634787 0.03545687868294955
v 0.0017740615685899724 0.34656068957996805 0.041008176855234335
v 0.01019186628026789 0.3467747965084599 0.044501522211601086
v 0.019222876382438542 0.34711539148006637 0.04569884796682178
v 0.02825164345056607 0.347559263448873 0.04451855975239681
v 0.03666287191653057 0.34807616333416896 0.041041090856554066
v 0.04388335087298779 0.3486308652342673 0.03550342611075016
v 0.049421015618791704 0.3491855671343656 0.02828294715429294
v 0.05289848451463444 0.34970246701966157 0.01987171868832844
v 0.054078772729059414 0.3501463389884682 0.010842951620200917
v 0.05288144697383872 0.3504869339600747 0.0018119415180302568
v 0.04938810161747197 0.3507010408885665 -0.00660586319364766
v 0.04383680344518718 0.35077406880505585 -0.01383680344518718
v 0.036605863193647656 0.3507010408885665 -0.019388101617471974
v 0.028188058481969744 0.3504869339600747 -0.022881446973838718
v 0.01915704837979909 0.3501463389884682 -0.024078772729059415
v 0.010128281311671561 0.34970246701966157 -0.022898484514634443
v 0.0017170528457070584 0.3491855671343656 -0.019421015618791698
v -0.005503426110750158 0.3486308652342673 -0.013883350872987789
v -0.01104109085655407 0.34807616333416896 -0.006662871916530574
v -0.014518559752396808 0.347559263448873 0.0017483565494339284
v -0.015698847966821784 0.34711539148006637 0.010777123617561446
v -0.019891517194785206 0.35419451992824746 0.011088576796330539
v -0.018561121498360353 0.3538160710073336 0.021123297673775868
v -0.01467952180199331 0.35357816825444166 0.03047666068665689
v -0.008511251037679857 0.3534970239245847 0.038511251037679856
v -0.0004766606866568931 0.35357816825444166 0.044679521801993305
v 0.008876702326224131 0.3538160710073336 0.04856112149836035
v 0.01891142320366946 0.35419451992824746 0.049891517194785205
v 0.028943651757866787 0.35468772397822157 0.048580052599578455
v 0.03828970763366352 0.3552620724388845 0.044716093880127566
v 0.046312674018797115 0.3558784241126904 0.0385629717677267
v 0.05246579613119798 0.35649477578649624 0.030540005382593112
v 0.05632975485064887 0.35706912424715914 0.02119394950679638
v 0.05764121944585562 0.35756232829713325 0.011161720952599055
v 0.05631082374943076 0.3579407772180472 0.001127000075153723
v 0.05242922405306372 0.3581786799709391 -0.008226362937727303
v 0.04626095328875027 0.358259824300796 -0.01626095328875027
v 0.0382263629377273 0.3581786799709391 -0.022429224053063718
v 0.028872999924846276 0.3579407772180472 -0.026310823749430765
v 0.018838279047400954 0.35756232829713325 -0.027641219445855618
v 0.00880605049320362 0.35706912424715914 -0.026329754850648868
v -0.0005400053825931114 0.35649477578649624 -0.022465796131197972
v -0.008562971767726704 0.3558784241126904 -0.016312674018797116
v -0.014716093880127564 0.3552620724388845 -0.008289707633663521
v -0.018580052599578456 0.35468772397822157 0.0010563482421332114
v -0.019891517194785206 0.35419451992824746 0.011088576796330529
v -0.022621221950478845 0.3619548561026628 0.011428239604659376
v -0.021208877693307322 0.3615530970359071 0.022081042397212893
v -0.0170881984330834 0.3613005405885618 0.032010519946378574
v -0.010539994111736634 0.3612143984214309 0.04053999411173663
v -0.002010519946378575 0.3613005405885618 0.0470881984330834
v 0.007918957602787106 0.3615530970359071 0.051208877693307314
v 0.01857176039534062 0.3619548561026628 0.052621221950478844
v 0.029221917344629325 0.36247843888773856 0.05122897484302565
v 0.039143637687873566 0.3630881637591133 0.04712702314465073
v 0.04766077191119029 0.36374247927321435 0.0405949005436437
v 0.05419289451219732 0.3643967947873154 0.03207776632032698
v 0.05829484621057223 0.36500651965869013 0.02215604597708274
v 0.059687093318025436 0.3655301024437659 0.011505889027794043
v 0.0582747490608539 0.3659318615105216 0.0008530862352405209
v 0.05415406980062999 0.3661844179578669 -0.00907639131392516
v 0.047605865479283214 0.3662705601249978 -0.017605865479283216
v 0.03907639131392516 0.3661844179578669 -0.024154069800629986
v 0.029146913764759478 0.3659318615105216 -0.0282747490608539
v 0.01849411097220597 0.3655301024437659 -0.029687093318025437
v 0.007843954022917259 0.36500651965869013 -0.02829484621057224
v -0.002077766320326982 0.3643967947873154 -0.02419289451219732
v -0.0105949005436437 0.36374247927321435 -0.01766077191119029
v -0.017127023144650727 0.3630881637591133 -0.009143637687873567
v -0.021228974843025654 0.36247843888773856 0.0007780826553706738
v -0.022621221950478845 0.3619548561026628 0.011428239604659366
v -0.023783058980329785 0.3700981874677757 0.011783059546573908
v -0.022343047408026395 0.36968855739334483 0.022644562830787834
v -0.018141637955715856 0.3694310531436806 0.03276857002537508
v -0.01146514827186262 0.36934322320617474 0.04146514827186262
v -0.0027685700253750854 0.3694310531436806 0.048141637955715855
v 0.007355437169212164 0.36968855739334483 0.052343047408026394
v 0.01821694045342609 0.3700981874677757 0.053783058980329784
v 0.02907574606328728 0.37063202774197046 0.05236353828371046
v 0.03919184407682712 0.37125369787283924 0.04818122328726952
v 0.047875840630433555 0.37192083219693434 0.04152113038668871
v 0.054535933531014366 0.37258796652102943 0.032837133833082274
v 0.0587182485274553 0.37320963665189816 0.022721035819542434
v 0.06013776922407463 0.37374347692609294 0.01186223020968125
v 0.05869775765177124 0.37415310700052384 0.0010007269254673178
v 0.0544963481994607 0.37441061125018804 -0.009123280269119932
v 0.047819858515607466 0.3744984411876939 -0.017819858515607467
v 0.03912328026911993 0.37441061125018804 -0.0244963481994607
v 0.02899927307453268 0.37415310700052384 -0.02869775765177124
v 0.018137769790318763 0.37374347692609294 -0.03013776922407463
v 0.007278964180457565 0.37320963665189816 -0.028718248527455303
v -0.002837133833082279 0.37258796652102943 -0.024535933531014367
v -0.011521130386688717 0.37192083219693434 -0.017875840630433563
v -0.018181223287269524 0.37125369787283924 -0.009191844076827126
v -0.02236353828371046 0.37063202774197046 0.0009242539367127177
v -0.023783058980329785 0.3700981874677757 0.011783059546573897
v -0.03013776922407463 0.5162565230739071 0.018137769790318756
v -0.02869775765177124 0.5158468929994763 0.02899927307453268
v -0.0244963481994607 0.5155893887498121 0.03912328026911993
v -0.017819858515607467 0.5155015588123062 0.047819858515607466
v -0.009123280269119929 0.5155893887498121 0.0544963481994607
v 0.0010007269254673178 0.5158468929994763 0.05869775765177124
v 0.01186223020968124 0.5162565230739071 0.06013776922407463
v 0.022721035819542434 0.5167903633481019 0.0587182485274553
v 0.032837133833082274 0.5174120334789707 0.054535933531014366
v 0.04152113038668871 0.5180791678030658 0.04787584063043356
v 0.04818122328726952 0.5187463021271609 0.039191844076827125
v 0.05236353828371046 0.5193679722580297 0.02907574606328728
v 0.053783058980329784 0.5199018125322244 0.018216940453426096
v 0.052343047408026394 0.5203114426066553 0.0073554371692121645
v 0.048141637955715855 0.5205689468563195 -0.002768570025375082
v 0.04146514827186262 0.5206567767938254 -0.01146514827186262
v 0.03276857002537509 0.5205689468563195 -0.018141637955715856
v 0.022644562830787834 0.5203114426066553 -0.022343047408026395
v 0.011783059546573917 0.5199018125322244 -0.023783058980329785
v 0.0009242539367127177 0.5193679722580297 -0.02236353828371046
v -0.009191844076827122 0.5187463021271609 -0.018181223287269524
v -0.017875840630433557 0.5180791678030658 -0.011521130386688713
v -0.024535933531014367 0.5174120334789707 -0.0028371338330822754
v -0.028718248527455303 0.5167903633481019 0.0072789641804575644
v -0.03013776922407463 0.5162565230739071 0.018137769790318746
v -0.029687093318025437 0.5244698975562343 0.01849411097220596
v -0.0282747490608539 0.5240681384894785 0.029146913764759478
v -0.024154069800629993 0.5238155820421332 0.03907639131392516
v -0.017605865479283216 0.5237294398750023 0.047605865479283214
v -0.00907639131392516 0.5238155820421332 0.054154069800629985
v 0.0008530862352405209 0.5240681384894785 0.0582747490608539
v 0.011505889027794036 0.5244698975562343 0.059687093318025436
v 0.02215604597708274 0.52499348034131 0.05829484621057224
v 0.03207776632032698 0.5256032052126848 0.05419289451219732
v 0.0405949005436437 0.5262575207267858 0.04766077191119029
v 0.047127023144650726 0.5269118362408868 0.039143637687873566
v 0.05122897484302565 0.5275215611122616 0.029221917344629325
v 0.052621221950478844 0.5280451438973373 0.018571760395340628
v 0.05120887769330732 0.528446902964093 0.007918957602787106
v 0.0470881984330834 0.5286994594114384 -0.002010519946378575
v 0.04053999411173663 0.5287856015785692 -0.01053999411173663
v 0.032010519946378574 0.5286994594114384 -0.0170881984330834
v 0.022081042397212893 0.528446902964093 -0.021208877693307315
v 0.011428239604659383 0.5280451438973373 -0.022621221950478845
v 0.0007780826553706738 0.5275215611122616 -0.021228974843025654
v -0.009143637687873567 0.5269118362408868 -0.017127023144650734
v -0.01766077191119029 0.5262575207267858 -0.010594900543643704
v -0.02419289451219732 0.5256032052126848 -0.002077766320326982
v -0.028294846210572232 0.52499348034131 0.007843954022917259
v -0.029687093318025437 0.5244698975562343 0.01849411097220595
v -0.027641219445855618 0.5324376717028669 0.018838279047400947
v -0.026310823749430765 0.532059222781953 0.028872999924846276
v -0.022429224053063718 0.531821320029061 0.0382263629377273
v -0.01626095328875027 0.5317401756992041 0.04626095328875027
v -0.008226362937727303 0.531821320029061 0.05242922405306372
v 0.001127000075153723 0.532059222781953 0.05631082374943076
v 0.011161720952599048 0.5324376717028669 0.05764121944585562
v 0.02119394950679638 0.532930875752841 0.05632975485064887
v 0.030540005382593112 0.5335052242135039 0.05246579613119797
v 0.0385629717677267 0.5341215758873098 0.046312674018797115
v 0.044716093880127566 0.5347379275611156 0.03828970763366352
v 0.048580052599578455 0.5353122760217786 0.028943651757866787
v 0.049891517194785205 0.5358054800717527 0.018911423203669463
v 0.04856112149836035 0.5361839289926665 0.008876702326224131
v 0.044679521801993305 0.5364218317455585 -0.00047666068665689135
v 0.038511251037679856 0.5365029760754154 -0.008511251037679857
v 0.030476660686656894 0.5364218317455585 -0.01467952180199331
v 0.021123297673775868 0.5361839289926665 -0.018561121498360353
v 0.011088576796330546 0.5358054800717527 -0.019891517194785206
v 0.0010563482421332114 0.5353122760217786 -0.018580052599578456
v -0.008289707633663521 0.5347379275611156 -0.014716093880127568
v -0.016312674018797116 0.5341215758873098 -0.008562971767726708
v -0.02246579613119798 0.5335052242135039 -0.0005400053825931114
v -0.026329754850648868 0.532930875752841 0.00880605049320362
v -0.027641219445855618 0.5324376717028669 0.018838279047400937
v -0.024078772729059415 0.5398536610115319 0.019157048379799087
v -0.022881446973838718 0.5395130660399254 0.028188058481969744
v -0.019388101617471974 0.5392989591114337 0.036605863193647656
v -0.01383680344518718 0.5392259311949443 0.04383680344518718
v -0.00660586319364766 0.5392989591114337 0.04938810161747197
v 0.0018119415180302568 0.5395130660399254 0.05288144697383872
v 0.010842951620200911 0.5398536610115319 0.054078772729059414
v 0.01987171868832844 0.5402975329803386 0.05289848451463444
v 0.028282947154292942 0.5408144328656346 0.0494210156187917
v 0.03550342611075016 0.5413691347657328 0.04388335087298779
v 0.041041090856554066 0.5419238366658311 0.03666287191653057
v 0.04451855975239681 0.5424407365511271 0.02825164345056607
v 0.04569884796682178 0.5428846085199337 0.01922287638243855
v 0.044501522211601086 0.5432252034915402 0.01019186628026789
v 0.041008176855234335 0.543439310420032 0.001774061568589974
v 0.03545687868294955 0.5435123383365215 -0.005456878682949549
v 0.028225938431410025 0.543439310420032 -0.01100817685523434
v 0.01980813371973211 0.5432252034915402 -0.014501522211601087
v 0.01077712361756146 0.5428846085199337 -0.015698847966821784
v 0.0017483565494339267 0.5424407365511271 -0.014518559752396808
v -0.006662871916530571 0.5419238366658311 -0.011041090856554067
v -0.013883350872987789 0.5413691347657328 -0.005503426110750158
v -0.019421015618791705 0.5408144328656346 0.00171705284570706
v -0.022898484514634443 0.5402975329803386 0.010128281311671561
v -0.024078772729059415 0.5398536610115319 0.019157048379799077
v -0.01913665431089604 0.5464328722788232 0.019438168802334906
v -0.018118410707936766 0.5461432201461525 0.02711841145672012
v -0.01514756600365303 0.5459611371045103 0.03427716611877344
v -0.01042657424507222 0.5458990320450443 0.04042657424507222
v -0.004277166118773441 0.5459611371045103 0.04514756600365303
v 0.0028815885432798803 0.5461432201461525 0.048118410707936765
v 0.010561831197665093 0.5464328722788232 0.04913665431089604
v 0.018240166305099087 0.5468103544298316 0.048132899945135754
v 0.02539332833237465 0.5472499415998902 0.045175557061066074
v 0.031533839857129986 0.5477216767742029 0.04046615957662589
v 0.03624323734157017 0.5481934119485158 0.03432564805187055
v 0.03920058022563985 0.5486329991185743 0.027172486024594992
v 0.04020433459140014 0.5490104812695827 0.019494150917161
v 0.039186090988440864 0.5493001334022534 0.011813908262775783
v 0.03621524628415713 0.5494822164438956 0.00465515360072246
v 0.03149425452557632 0.5495443215033615 -0.001494254525576319
v 0.02534484639927754 0.5494822164438956 -0.006215246284157129
v 0.018186091737224214 0.5493001334022534 -0.009186090988440865
v 0.010505849082839008 0.5490104812695827 -0.01020433459140014
v 0.002827513975405007 0.5486329991185743 -0.00920058022563985
v -0.004325648051870551 0.5481934119485158 -0.006243237341570174
v -0.010466159576625889 0.5477216767742029 -0.0015338398571299872
v -0.015175557061066075 0.5472499415998902 0.0046066716676253505
v -0.018132899945135755 0.5468103544298316 0.01175983369490091
v -0.01913665431089604 0.5464328722788232 0.0194381688023349
v -0.013004786573613068 0.5519224606895403 0.01967083660539426
v -0.012204758904032043 0.5516948824152166 0.02570516458442025
v -0.00987057933785837 0.5515518207782231 0.0313297618014447
v -0.006161320896353604 0.5515030250976403 0.0361613208963536
v -0.001329761801444701 0.5515518207782231 0.03987057933785837
v 0.004294835415579746 0.5516948824152166 0.04220475890403204
v 0.010329163394605736 0.5519224606895403 0.04300478657361306
v 0.016361992625865344 0.5522190464625896 0.042216143024739625
v 0.021982195734431206 0.5525644279566375 0.039892571770201266
v 0.026806764816213337 0.5529350678679548 0.036192422891687656
v 0.030506913694726946 0.5533057077792719 0.031367853809905526
v 0.0328304849492653 0.55365108927332 0.025747650701339664
v 0.03361912849813875 0.5539476750463692 0.01971482147008006
v 0.032819100828557726 0.554175253320693 0.013680493491054066
v 0.03048492126238405 0.5543183149576865 0.008055896274029618
v 0.026775662820879287 0.5543671106382693 0.0032243371791207155
v 0.02194410372597038 0.5543183149576865 -0.00048492126238405125
v 0.016319506508945935 0.554175253320693 -0.002819100828557724
v 0.010285178529919947 0.5539476750463692 -0.0036191284981387482
v 0.004252349298660337 0.55365108927332 -0.002830484949265303
v -0.0013678538099055268 0.5533057077792719 -0.0005069136947269473
v -0.006192422891687661 0.5529350678679548 0.0031932351837866586
v -0.009892571770201267 0.5525644279566375 0.008017804265568793
v -0.012216143024739622 0.5522190464625896 0.013638007374134654
v -0.013004786573613068 0.5519224606895403 0.019670836605394256
v -0.0059188143432461 0.5561114718406892 0.01984611081782209
v -0.005367746452395045 0.5559547131751584 0.024002628015879716
v -0.0037599362752965167 0.5558561705840229 0.027876917789094752
v -0.00120495447651724 0.555822559501908 0.031204954476517242
v 0.0021230822109052465 0.5558561705840229 0.03375993627529651
v 0.005997371984120283 0.5559547131751584 0.035367746452395044
v 0.010153889182177907 0.5561114718406892 0.0359188143432461
v 0.014309374026238095 0.5563157636327141 0.035375587970734465
v 0.018180637086172215 0.5565536665068538 0.03377508492545355
v 0.021503858968536203 0.55680896776352 0.031226377904494458
v 0.024052565989495293 0.5570642690201862 0.027903156022130473
v 0.025653069034776207 0.5573021718943261 0.024031892962196353
v 0.026196295407287837 0.5575064636863509 0.019876408118136166
v 0.02564522751643679 0.5576632223518816 0.01571989092007854
v 0.024037417339338257 0.5577617649430171 0.011845601146863505
v 0.02148243554055898 0.557795376025132 0.008517564459441017
v 0.018154398853136494 0.5577617649430171 0.005962582660661742
v 0.014280109079921458 0.5576632223518816 0.00435477248356321
v 0.010123591881863837 0.5575064636863509 0.0038037045927121604
v 0.005968107037803646 0.5573021718943261 0.004346930965223792
v 0.002096843977869526 0.5570642690201862 0.005947434010504706
v -0.0012263779044944627 0.55680896776352 0.008496141031463797
v -0.0037750849254535555 0.5565536665068538 0.011819362913827784
v -0.005375587970734466 0.5563157636327141 0.015690625973761904
v -0.0059188143432461 0.5561114718406892 0.019846110817822088
v 0.001848950554671833 0.5588389240841976 0.019957255738732266
v 0.0021298827334612566 0.5587590092178643 0.022076229843187335
v 0.0029495374279634914 0.5587087726376775 0.024051325881986146
v 0.0042520559243683 0.5586916378682323 0.025747944075631697
v 0.005948674118013855 0.5587087726376775 0.02705046257203651
v 0.007923770156812664 0.5587590092178643 0.027870117266538742
v 0.01004274426126773 0.5588389240841976 0.028151049445328168
v 0.012161192075833483 0.5589430711460215 0.0278741148379447
v 0.014134745109254256 0.5590643529974986 0.027058185287392005
v 0.015828908736432997 0.5591945044440186 0.02575886564460853
v 0.017128228379216473 0.5593246558905388 0.024064702017429787
v 0.01794415792976917 0.5594459377420159 0.022091148984009015
v 0.018221092537152636 0.5595500848038397 0.019972701169443264
v 0.01794016035836321 0.559629999670173 0.017853727064988195
v 0.017120505663860978 0.5596802362503599 0.015878631026189385
v 0.015817987167456166 0.5596973710198051 0.014182012832543833
v 0.014121368973810614 0.5596802362503599 0.012879494336139021
v 0.012146272935011802 0.559629999670173 0.012059839641636788
v 0.010027298830556738 0.5595500848038397 0.011778907462847365
v 0.007908851015990984 0.5594459377420159 0.012055842070230829
v 0.0059352979825702135 0.5593246558905388 0.012871771620783526
v 0.0042411343553914686 0.5591945044440186 0.014171091263567002
v 0.0029418147126079926 0.5590643529974986 0.015865254890745743
v 0.0021258851620552972 0.5589430711460215 0.017838807924166516
v 0.001848950554671833 0.5588389240841976 0.019957255738732266
v 0.009999999987305112 0.5600000002919824 0.020000000012694884
v 0.009999999987305112 0.5600000002919824 0.020000000012694884
v 0.009999999987305112 0.5600000002919824 0.020000000012694884
v 0.009999999987305113 0.5600000002919824 0.020000000012694884
v 0.009999999987305115 0.5600000002919824 0.020000000012694887
v 0.009999999987305115 0.5600000002919824 0.020000000012694887
v 0.009999999987305115 0.5600000002919824 0.020000000012694887
v 0.009999999987305115 0.5600000002919824 0.020000000012694887
v 0.009999999987305115 0.5600000002919824 0.020000000012694887
v 0.009999999987305117 0.5600000002919824 0.020000000012694884
v 0.009999999987305119 0.5600000002919824 0.020000000012694884
v 0.009999999987305119 0.5600000002919824 0.020000000012694884
v 0.009999999987305119 0.5600000002919824 0.020000000012694884
v 0.009999999987305119 0.5600000002919824 0.020000000012694884
v 0.009999999987305119 0.5600000002919824 0.020000000012694884
v 0.009999999987305117 0.5600000002919824 0.020000000012694884
v 0.009999999987305115 0.5600000002919824 0.02000000001269488
v 0.009999999987305115 0.5600000002919824 0.02000000001269488
v 0.009999999987305115 0.5600000002919824 0.02000000001269488
v 0.009999999987305115 0.5600000002919824 0.02000000001269488
v 0.009999999987305115 0.5600000002919824 0.02000000001269488
v 0.009999999987305113 0.5600000002919824 0.020000000012694884
v 0.009999999987305112 0.5600000002919824 0.020000000012694884
v 0.009999999987305112 0.5600000002919824 0.020000000012694884
v 0.009999999987305112 0.5600000002919824 0.020000000012694884
vt 0.02083333395421505 0
vt 0.0625 0
vt 0.1041666641831398 0
vt 0.1458333283662796 0
vt 0.1875 0
vt 0.2291666716337204 0
vt 0.2708333432674408 0
vt 0.3125 0
vt 0.3541666567325592 0
vt 0.3958333432674408 0
vt 0.4375 0
vt 0.4791666567325592 0
vt 0.5208333134651184 0
vt 0.5625 0
vt 0.6041666865348816 0
vt 0.6458333134651184 0
vt 0.6875 0
vt 0.7291666865348816 0
vt 0.7708333134651184 0
vt 0.8125 0
vt 0.8541666865348816 0
vt 0.8958333134651184 0
vt 0.9375 0
vt 0.9791666865348816 0
vt 1.0208333730697632 0
vt 0 0.029623690992593765
vt 0.0416666679084301 0.029623690992593765
vt 0.0833333358168602 0.029623690992593765
vt 0.125 0.029623690992593765
vt 0.1666666716337204 0.029623690992593765
vt 0.2083333283662796 0.029623690992593765
vt 0.25 0.029623690992593765
vt 0.2916666567325592 0.029623690992593765
vt 0.3333333432674408 0.029623690992593765
vt 0.375 0.029623690992593765
vt 0.4166666567325592 0.029623690992593765
vt 0.4583333432674408 0.029623690992593765
vt 0.5 0.029623690992593765
vt 0.5416666865348816 0.029623690992593765
vt 0.5833333134651184 0.029623690992593765
vt 0.625 0.029623690992593765
vt 0.6666666865348816 0.029623690992593765
vt 0.7083333134651184 0.029623690992593765
vt 0.75 0.029623690992593765
vt 0.7916666865348816 0.029623690992593765
vt 0.8333333134651184 0.029623690992593765
vt 0.875 0.029623690992593765
vt 0.9166666865348816 0.029623690992593765
vt 0.9583333134651184 0.029623690992593765
vt 1 0.029623690992593765
vt 0 0.05924738198518753
vt 0.0416666679084301 0.05924738198518753
vt 0.0833333358168602 0.05924738198518753
vt 0.125 0.05924738198518753
vt 0.1666666716337204 0.05924738198518753
vt 0.2083333283662796 0.05924738198518753
vt 0.25 0.05924738198518753
vt 0.2916666567325592 0.05924738198518753
vt 0.3333333432674408 0.05924738198518753
vt 0.375 0.05924738198518753
vt 0.4166666567325592 0.05924738198518753
vt 0.4583333432674408 0.05924738198518753
vt 0.5 0.05924738198518753
vt 0.5416666865348816 0.05924738198518753
vt 0.5833333134651184 0.05924738198518753
vt 0.625 0.05924738198518753
vt 0.6666666865348816 0.05924738198518753
vt 0.7083333134651184 0.05924738198518753
vt 0.75 0.05924738198518753
vt 0.7916666865348816 0.05924738198518753
vt 0.8333333134651184 0.05924738198518753
vt 0.875 0.05924738198518753
vt 0.9166666865348816 0.05924738198518753
vt 0.9583333134651184 0.05924738198518753
vt 1 0.05924738198518753
vt 0 0.0888710767030716
vt 0.0416666679084301 0.0888710767030716
vt 0.0833333358168602 0.0888710767030716
vt 0.125 0.0888710767030716
vt 0.1666666716337204 0.0888710767030716
vt 0.2083333283662796 0.0888710767030716
vt 0.25 0.0888710767030716
vt 0.2916666567325592 0.0888710767030716
vt 0.3333333432674408 0.0888710767030716
vt 0.375 0.0888710767030716
vt 0.4166666567325592 0.0888710767030716
vt 0.4583333432674408 0.0888710767030716
vt 0.5 0.0888710767030716
vt 0.5416666865348816 0.0888710767030716
vt 0.5833333134651184 0.0888710767030716
vt 0.625 0.0888710767030716
vt 0.6666666865348816 0.0888710767030716
vt 0.7083333134651184 0.0888710767030716
vt 0.75 0.0888710767030716
vt 0.7916666865348816 0.0888710767030716
vt 0.8333333134651184 0.0888710767030716
vt 0.875 0.0888710767030716
vt 0.9166666865348816 0.0888710767030716
vt 0.9583333134651184 0.0888710767030716
vt 1 0.0888710767030716
vt 0 0.11849476397037506
vt 0.0416666679084301 0.11849476397037506
vt 0.0833333358168602 0.11849476397037506
vt 0.125 0.11849476397037506
vt 0.1666666716337204 0.11849476397037506
vt 0.2083333283662796 0.11849476397037506
vt 0.25 0.11849476397037506
vt 0.2916666567325592 0.11849476397037506
vt 0.3333333432674408 0.11849476397037506
vt 0.375 0.11849476397037506
vt 0.4166666567325592 0.11849476397037506
vt 0.4583333432674408 0.11849476397037506
vt 0.5 0.11849476397037506
vt 0.5416666865348816 0.11849476397037506
vt 0.5833333134651184 0.11849476397037506
vt 0.625 0.11849476397037506
vt 0.6666666865348816 0.11849476397037506
vt 0.7083333134651184 0.11849476397037506
vt 0.75 0.11849476397037506
vt 0.7916666865348816 0.11849476397037506
vt 0.8333333134651184 0.11849476397037506
vt 0.875 0.11849476397037506
vt 0.9166666865348816 0.11849476397037506
vt 0.9583333134651184 0.11849476397037506
vt 1 0.11849476397037506
vt 0 0.14811845123767853
vt 0.0416666679084301 0.14811845123767853
vt 0.0833333358168602 0.14811845123767853
vt 0.125 0.14811845123767853
vt 0.1666666716337204 0.14811845123767853
vt 0.2083333283662796 0.14811845123767853
vt 0.25 0.14811845123767853
vt 0.2916666567325592 0.14811845123767853
vt 0.3333333432674408 0.14811845123767853
vt 0.375 0.14811845123767853
vt 0.4166666567325592 0.14811845123767853
vt 0.4583333432674408 0.14811845123767853
vt 0.5 0.14811845123767853
vt 0.5416666865348816 0.14811845123767853
vt 0.5833333134651184 0.14811845123767853
vt 0.625 0.14811845123767853
vt 0.6666666865348816 0.14811845123767853
vt 0.7083333134651184 0.14811845123767853
vt 0.75 0.14811845123767853
vt 0.7916666865348816 0.14811845123767853
vt 0.8333333134651184 0.14811845123767853
vt 0.875 0.14811845123767853
vt 0.9166666865348816 0.14811845123767853
vt 0.9583333134651184 0.14811845123767853
vt 1 0.14811845123767853
vt 0 0.1777421534061432
vt 0.0416666679084301 0.1777421534061432
vt 0.0833333358168602 0.1777421534061432
vt 0.125 0.1777421534061432
vt 0.1666666716337204 0.1777421534061432
vt 0.2083333283662796 0.1777421534061432
vt 0.25 0.1777421534061432
vt 0.2916666567325592 0.1777421534061432
vt 0.3333333432674408 0.1777421534061432
vt 0.375 0.1777421534061432
vt 0.4166666567325592 0.1777421534061432
vt 0.4583333432674408 0.1777421534061432
vt 0.5 0.1777421534061432
vt 0.5416666865348816 0.1777421534061432
vt 0.5833333134651184 0.1777421534061432
vt 0.625 0.1777421534061432
vt 0.6666666865348816 0.1777421534061432
vt 0.7083333134651184 0.1777421534061432
vt 0.75 0.1777421534061432
vt 0.7916666865348816 0.1777421534061432
vt 0.8333333134651184 0.1777421534061432
vt 0.875 0.1777421534061432
vt 0.9166666865348816 0.1777421534061432
vt 0.9583333134651184 0.1777421534061432
vt 1 0.1777421534061432
vt 0 0.20736584067344666
vt 0.0416666679084301 0.20736584067344666
vt 0.0833333358168602 0.20736584067344666
vt 0.125 0.20736584067344666
vt 0.1666666716337204 0.20736584067344666
vt 0.2083333283662796 0.20736584067344666
vt 0.25 0.20736584067344666
vt 0.2916666567325592 0.20736584067344666
vt 0.3333333432674408 0.20736584067344666
vt 0.375 0.20736584067344666
vt 0.4166666567325592 0.20736584067344666
vt 0.4583333432674408 0.20736584067344666
vt 0.5 0.20736584067344666
vt 0.5416666865348816 0.20736584067344666
vt 0.5833333134651184 0.20736584067344666
vt 0.625 0.20736584067344666
vt 0.6666666865348816 0.20736584067344666
vt 0.7083333134651184 0.20736584067344666
vt 0.75 0.20736584067344666
vt 0.7916666865348816 0.20736584067344666
vt 0.8333333134651184 0.20736584067344666
vt 0.875 0.20736584067344666
vt 0.9166666865348816 0.20736584067344666
vt 0.9583333134651184 0.20736584067344666
vt 1 0.20736584067344666
vt 0 0.23698952794075012
vt 0.0416666679084301 0.23698952794075012
vt 0.0833333358168602 0.23698952794075012
vt 0.125 0.23698952794075012
vt 0.1666666716337204 0.23698952794075012
vt 0.2083333283662796 0.23698952794075012
vt 0.25 0.23698952794075012
vt 0.2916666567325592 0.23698952794075012
vt 0.3333333432674408 0.23698952794075012
vt 0.375 0.23698952794075012
vt 0.4166666567325592 0.23698952794075012
vt 0.4583333432674408 0.23698952794075012
vt 0.5 0.23698952794075012
vt 0.5416666865348816 0.23698952794075012
vt 0.5833333134651184 0.23698952794075012
vt 0.625 0.23698952794075012
vt 0.6666666865348816 0.23698952794075012
vt 0.7083333134651184 0.23698952794075012
vt 0.75 0.23698952794075012
vt 0.7916666865348816 0.23698952794075012
vt 0.8333333134651184 0.23698952794075012
vt 0.875 0.23698952794075012
vt 0.9166666865348816 0.23698952794075012
vt 0.9583333134651184 0.23698952794075012
vt 1 0.23698952794075012
vt 0 0.7630104422569275
vt 0.0416666679084301 0.7630104422569275
vt 0.0833333358168602 0.7630104422569275
vt 0.125 0.7630104422569275
vt 0.1666666716337204 0.7630104422569275
vt 0.2083333283662796 0.7630104422569275
vt 0.25 0.7630104422569275
vt 0.2916666567325592 0.7630104422569275
vt 0.3333333432674408 0.7630104422569275
vt 0.375 0.7630104422569275
vt 0.4166666567325592 0.7630104422569275
vt 0.4583333432674408 0.7630104422569275
vt 0.5 0.7630104422569275
vt 0.5416666865348816 0.7630104422569275
vt 0.5833333134651184 0.7630104422569275
vt 0.625 0.7630104422569275
vt 0.6666666865348816 0.7630104422569275
vt 0.7083333134651184 0.7630104422569275
vt 0.75 0.7630104422569275
vt 0.7916666865348816 0.7630104422569275
vt 0.8333333134651184 0.7630104422569275
vt 0.875 0.7630104422569275
vt 0.9166666865348816 0.7630104422569275
vt 0.9583333134651184 0.7630104422569275
vt 1 0.7630104422569275
vt 0 0.792634129524231
vt 0.0416666679084301 0.792634129524231
vt 0.0833333358168602 0.792634129524231
vt 0.125 0.792634129524231
vt 0.1666666716337204 0.792634129524231
vt 0.2083333283662796 0.792634129524231
vt 0.25 0.792634129524231
vt 0.2916666567325592 0.792634129524231
vt 0.3333333432674408 0.792634129524231
vt 0.375 0.792634129524231
vt 0.4166666567325592 0.792634129524231
vt 0.4583333432674408 0.792634129524231
vt 0.5 0.792634129524231
vt 0.5416666865348816 0.792634129524231
vt 0.5833333134651184 0.792634129524231
vt 0.625 0.792634129524231
vt 0.6666666865348816 0.792634129524231
vt 0.7083333134651184 0.792634129524231
vt 0.75 0.792634129524231
vt 0.7916666865348816 0.792634129524231
vt 0.8333333134651184 0.792634129524231
vt 0.875 0.792634129524231
vt 0.9166666865348816 0.792634129524231
vt 0.9583333134651184 0.792634129524231
vt 1 0.792634129524231
vt 0 0.8222578763961792
vt 0.0416666679084301 0.8222578763961792
vt 0.0833333358168602 0.8222578763961792
vt 0.125 0.8222578763961792
vt 0.1666666716337204 0.8222578763961792
vt 0.2083333283662796 0.8222578763961792
vt 0.25 0.8222578763961792
vt 0.2916666567325592 0.8222578763961792
vt 0.3333333432674408 0.8222578763961792
vt 0.375 0.8222578763961792
vt 0.4166666567325592 0.8222578763961792
vt 0.4583333432674408 0.8222578763961792
vt 0.5 0.8222578763961792
vt 0.5416666865348816 0.8222578763961792
vt 0.5833333134651184 0.8222578763961792
vt 0.625 0.8222578763961792
vt 0.6666666865348816 0.8222578763961792
vt 0.7083333134651184 0.8222578763961792
vt 0.75 0.8222578763961792
vt 0.7916666865348816 0.8222578763961792
vt 0.8333333134651184 0.8222578763961792
vt 0.875 0.8222578763961792
vt 0.9166666865348816 0.8222578763961792
vt 0.9583333134651184 0.8222578763961792
vt 1 0.8222578763961792
vt 0 0.8518815636634827
vt 0.0416666679084301 0.8518815636634827
vt 0.0833333358168602 0.8518815636634827
vt 0.125 0.8518815636634827
vt 0.1666666716337204 0.8518815636634827
vt 0.2083333283662796 0.8518815636634827
vt 0.25 0.8518815636634827
vt 0.2916666567325592 0.8518815636634827
vt 0.3333333432674408 0.8518815636634827
vt 0.375 0.8518815636634827
vt 0.4166666567325592 0.8518815636634827
vt 0.4583333432674408 0.8518815636634827
vt 0.5 0.8518815636634827
vt 0.5416666865348816 0.8518815636634827
vt 0.5833333134651184 0.8518815636634827
vt 0.625 0.8518815636634827
vt 0.6666666865348816 0.8518815636634827
vt 0.7083333134651184 0.8518815636634827
vt 0.75 0.8518815636634827
vt 0.7916666865348816 0.8518815636634827
vt 0.8333333134651184 0.8518815636634827
vt 0.875 0.8518815636634827
vt 0.9166666865348816 0.8518815636634827
vt 0.9583333134651184 0.8518815636634827
vt 1 0.8518815636634827
vt 0 0.8815052509307861
vt 0.0416666679084301 0.8815052509307861
vt 0.0833333358168602 0.8815052509307861
vt 0.125 0.8815052509307861
vt 0.1666666716337204 0.8815052509307861
vt 0.2083333283662796 0.8815052509307861
vt 0.25 0.8815052509307861
vt 0.2916666567325592 0.8815052509307861
vt 0.3333333432674408 0.8815052509307861
vt 0.375 0.8815052509307861
vt 0.4166666567325592 0.8815052509307861
vt 0.4583333432674408 0.8815052509307861
vt 0.5 0.8815052509307861
vt 0.5416666865348816 0.8815052509307861
vt 0.5833333134651184 0.8815052509307861
vt 0.625 0.8815052509307861
vt 0.6666666865348816 0.8815052509307861
vt 0.7083333134651184 0.8815052509307861
vt 0.75 0.8815052509307861
vt 0.7916666865348816 0.8815052509307861
vt 0.8333333134651184 0.8815052509307861
vt 0.875 0.8815052509307861
vt 0.9166666865348816 0.8815052509307861
vt 0.9583333134651184 0.8815052509307861
vt 1 0.8815052509307861
vt 0 0.9111289381980896
vt 0.0416666679084301 0.9111289381980896
vt 0.0833333358168602 0.9111289381980896
vt 0.125 0.9111289381980896
vt 0.1666666716337204 0.9111289381980896
vt 0.2083333283662796 0.9111289381980896
vt 0.25 0.9111289381980896
vt 0.2916666567325592 0.9111289381980896
vt 0.3333333432674408 0.9111289381980896
vt 0.375 0.9111289381980896
vt 0.4166666567325592 0.9111289381980896
vt 0.4583333432674408 0.9111289381980896
vt 0.5 0.9111289381980896
vt 0.5416666865348816 0.9111289381980896
vt 0.5833333134651184 0.9111289381980896
vt 0.625 0.9111289381980896
vt 0.6666666865348816 0.9111289381980896
vt 0.7083333134651184 0.9111289381980896
vt 0.75 0.9111289381980896
vt 0.7916666865348816 0.9111289381980896
vt 0.8333333134651184 0.9111289381980896
vt 0.875 0.9111289381980896
vt 0.9166666865348816 0.9111289381980896
vt 0.9583333134651184 0.9111289381980896
vt 1 0.9111289381980896
vt 0 0.9407526254653931
vt 0.0416666679084301 0.9407526254653931
vt 0.0833333358168602 0.9407526254653931
vt 0.125 0.9407526254653931
vt 0.1666666716337204 0.9407526254653931
vt 0.2083333283662796 0.9407526254653931
vt 0.25 0.9407526254653931
vt 0.2916666567325592 0.9407526254653931
vt 0.3333333432674408 0.9407526254653931
vt 0.375 0.9407526254653931
vt 0.4166666567325592 0.9407526254653931
vt 0.4583333432674408 0.9407526254653931
vt 0.5 0.9407526254653931
vt 0.5416666865348816 0.9407526254653931
vt 0.5833333134651184 0.9407526254653931
vt 0.625 0.9407526254653931
vt 0.6666666865348816 0.9407526254653931
vt 0.7083333134651184 0.9407526254653931
vt 0.75 0.9407526254653931
vt 0.7916666865348816 0.9407526254653931
vt 0.8333333134651184 0.9407526254653931
vt 0.875 0.9407526254653931
vt 0.9166666865348816 0.9407526254653931
vt 0.9583333134651184 0.9407526254653931
vt 1 0.9407526254653931
vt 0 0.9703763127326965
vt 0.0416666679084301 0.9703763127326965
vt 0.0833333358168602 0.9703763127326965
vt 0.125 0.9703763127326965
vt 0.1666666716337204 0.9703763127326965
vt 0.2083333283662796 0.9703763127326965
vt 0.25 0.9703763127326965
vt 0.2916666567325592 0.9703763127326965
vt 0.3333333432674408 0.9703763127326965
vt 0.375 0.9703763127326965
vt 0.4166666567325592 0.9703763127326965
vt 0.4583333432674408 0.9703763127326965
vt 0.5 0.9703763127326965
vt 0.5416666865348816 0.9703763127326965
vt 0.5833333134651184 0.9703763127326965
vt 0.625 0.9703763127326965
vt 0.6666666865348816 0.9703763127326965
vt 0.7083333134651184 0.9703763127326965
vt 0.75 0.9703763127326965
vt 0.7916666865348816 0.9703763127326965
vt 0.8333333134651184 0.9703763127326965
vt 0.875 0.9703763127326965
vt 0.9166666865348816 0.9703763127326965
vt 0.9583333134651184 0.9703763127326965
vt 1 0.9703763127326965
vt -0.02083333395421505 1
vt 0.02083333395421505 1
vt 0.0625 1
vt 0.1041666641831398 1
vt 0.1458333283662796 1
vt 0.1875 1
vt 0.2291666716337204 1
vt 0.2708333432674408 1
vt 0.3125 1
vt 0.3541666567325592 1
vt 0.3958333432674408 1
vt 0.4375 1
vt 0.4791666567325592 1
vt 0.5208333134651184 1
vt 0.5625 1
vt 0.6041666865348816 1
vt 0.6458333134651184 1
vt 0.6875 1
vt 0.7291666865348816 1
vt 0.7708333134651184 1
vt 0.8125 1
vt 0.8541666865348816 1
vt 0.8958333134651184 1
vt 0.9375 1
vt 0.9791666865348816 1
vn 0.043396303660274624 -0.9981149841863164 -0.043396303660274624
vn 0.043396303660274624 -0.9981149841863164 -0.043396303660274624
vn 0.043396303660274624 -0.9981149841863164 -0.043396303660274624
vn 0.043396303660274624 -0.9981149841863164 -0.043396303660274624
vn 0.043396303660274624 -0.9981149841863164 -0.043396303660274624
vn 0.043396303660274624 -0.9981149841863164 -0.043396303660274624
vn 0.043396303660274624 -0.9981149841863164 -0.043396303660274624
vn 0.043396303660274624 -0.9981149841863164 -0.043396303660274624
vn 0.043396303660274624 -0.9981149841863164 -0.043396303660274624
vn 0.043396303660274624 -0.9981149841863164 -0.043396303660274624
vn 0.043396303660274624 -0.9981149841863164 -0.043396303660274624
vn 0.043396303660274624 -0.9981149841863164 -0.043396303660274624
vn 0.043396303660274624 -0.9981149841863164 -0.043396303660274624
vn 0.043396303660274624 -0.9981149841863164 -0.043396303660274624
vn 0.043396303660274624 -0.9981149841863164 -0.043396303660274624
vn 0.043396303660274624 -0.9981149841863164 -0.043396303660274624
vn 0.043396303660274624 -0.9981149841863164 -0.043396303660274624
vn 0.043396303660274624 -0.9981149841863164 -0.043396303660274624
vn 0.043396303660274624 -0.9981149841863164 -0.043396303660274624
vn 0.043396303660274624 -0.9981149841863164 -0.043396303660274624
vn 0.043396303660274624 -0.9981149841863164 -0.043396303660274624
vn 0.043396303660274624 -0.9981149841863164 -0.043396303660274624
vn 0.043396303660274624 -0.9981149841863164 -0.043396303660274624
vn 0.043396303660274624 -0.9981149841863164 -0.043396303660274624
vn 0.043396303660274624 -0.9981149841863164 -0.043396303660274624
vn -0.15234399934458148 -0.9874026823631245 -0.04274632996884176
vn -0.145655132270204 -0.9893054172841311 0.007705438055065185
vn -0.1261395525087155 -0.99050152584176 0.05473153202721676
vn -0.09512720107127264 -0.9909094969938937 0.09512720107127264
vn -0.05473153202721676 -0.99050152584176 0.1261395525087155
vn -0.007705438055065186 -0.9893054172841311 0.145655132270204
vn 0.04274632996884175 -0.9874026823631245 0.15234399934458148
vn 0.09318556727881881 -0.9849229901078067 0.1457503125486254
vn 0.14017492297761414 -0.9820353266753675 0.1263234266865185
vn 0.18051215002229928 -0.9789364833530909 0.09538723842637835
vn 0.2114483382112814 -0.975837638394179 0.05505001145285125
vn 0.23087522413886927 -0.9729499764678023 0.008060655688574947
vn 0.2374689109264124 -0.9704702840189877 -0.04237858161298918
vn 0.23078004386044787 -0.9685675492914779 -0.09283034964530906
vn 0.2112644640334784 -0.9673714392277866 -0.13985644355197965
vn 0.18025211266719351 -0.9669634697122879 -0.18025211266719351
vn 0.13985644355197965 -0.9673714392277866 -0.2112644640334784
vn 0.09283034964530906 -0.9685675492914779 -0.2307800438604479
vn 0.042378581612989234 -0.9704702840189877 -0.2374689109264124
vn -0.008060655688574947 -0.9729499764678023 -0.23087522413886927
vn -0.05505001145285125 -0.975837638394179 -0.2114483382112814
vn -0.09538723842637835 -0.9789364833530909 -0.18051215002229928
vn -0.1263234266865185 -0.9820353266753675 -0.14017492297761414
vn -0.14575031254862542 -0.9849229901078067 -0.09318556727881881
vn -0.15234399934458148 -0.9874026823631245 -0.04274632996884181
vn -0.3422297982421334 -0.9387450496814531 -0.040453638819203455
vn -0.32910911726136327 -0.9424773972865765 0.05851106339288921
vn -0.29082791902222455 -0.9448236510598251 0.15075606095671323
vn -0.2299950223460867 -0.9456239101207448 0.2299950223460867
vn -0.15075606095671323 -0.9448236510598251 0.29082791902222455
vn -0.05851106339288921 -0.9424773972865765 0.32910911726136327
vn 0.04045363881920345 -0.9387450496814533 0.34222979824213345
vn 0.13939376104311288 -0.9338809572167821 0.3292958200920905
vn 0.23156669413955 -0.9282166044106587 0.29118860118766104
vn 0.31069101691864814 -0.922137998918934 0.23050510396917565
vn 0.37137451453755577 -0.9160594026369191 0.1513807807896553
vn 0.4094817333008928 -0.9103950465856708 0.05920784783431057
vn 0.42241571155004487 -0.9055309564005105 -0.03973227448870796
vn 0.40929503047016547 -0.9017986065158761 -0.13869697660169147
vn 0.3710138323721192 -0.8994523559877526 -0.23094197430660793
vn 0.31018093529555923 -0.8986520877171232 -0.31018093529555923
vn 0.23094197430660793 -0.8994523559877526 -0.3710138323721192
vn 0.13869697660169147 -0.9017986065158761 -0.40929503047016547
vn 0.03973227448870808 -0.9055309564005105 -0.42241571155004487
vn -0.05920784783431057 -0.9103950465856708 -0.4094817333008928
vn -0.1513807807896553 -0.9160594026369191 -0.37137451453755577
vn -0.23050510396917565 -0.922137998918934 -0.31069101691864814
vn -0.29118860118766104 -0.9282166044106587 -0.23156669413955
vn -0.3292958200920905 -0.9338809572167821 -0.13939376104311288
vn -0.3422297982421334 -0.9387450496814531 -0.040453638819203545
vn -0.5189639122791043 -0.8540119635388878 -0.036606336670304586
vn -0.4999156202694314 -0.8594305016088756 0.10706813491859248
vn -0.444339939689372 -0.8628367297587761 0.24098712782226783
vn -0.35602425285178374 -0.8639985316901055 0.35602425285178374
vn -0.24098712782226783 -0.8628367297587761 0.444339939689372
vn -0.10706813491859249 -0.8594305016088756 0.49991562026943137
vn 0.03660633667030455 -0.8540119635388878 0.5189639122791043
vn 0.18024512450088623 -0.8469504055682883 0.5001866707554009
vn 0.314059495574138 -0.838727034365716 0.4448635690453973
vn 0.4289301917249477 -0.8299022742615514 0.3567647765717693
vn 0.5170289841751156 -0.821077513617805 0.24189408044441965
vn 0.5723520861294729 -0.8128541480353677 0.10807970912681424
vn 0.5911293269148318 -0.8057925730828418 -0.0355590779654227
vn 0.5720810356435034 -0.8003740519947805 -0.1792335502926645
vn 0.5165053548190903 -0.7969678182247449 -0.31315254295198613
vn 0.428189668004962 -0.7958060168329971 -0.428189668004962
vn 0.31315254295198613 -0.7969678182247449 -0.5165053548190903
vn 0.17923355029266447 -0.8003740519947803 -0.5720810356435034
vn 0.035559077965422875 -0.8057925730828418 -0.5911293269148318
vn -0.10807970912681422 -0.8128541480353677 -0.5723520861294729
vn -0.24189408044441965 -0.821077513617805 -0.5170289841751156
vn -0.3567647765717693 -0.8299022742615514 -0.4289301917249477
vn -0.4448635690453973 -0.838727034365716 -0.314059495574138
vn -0.500186670755401 -0.8469504055682883 -0.18024512450088623
vn -0.5189639122791043 -0.8540119635388878 -0.036606336670304725
vn -0.6757545068576869 -0.7364596943186589 -0.031352274328860584
vn -0.6515106629548488 -0.7433561585145428 0.15151065195106003
vn -0.5807762434520863 -0.7476914706126434 0.32195717077708597
vn -0.4683716760296327 -0.7491701717142679 0.4683716760296327
vn -0.32195717077708597 -0.7476914706126434 0.5807762434520863
vn -0.15151065195106003 -0.7433561585145428 0.6515106629548488
vn 0.03135227432886054 -0.7364596943186589 0.6757545068576869
vn 0.21416978139108028 -0.7274720084495767 0.6518556448027706
vn 0.38448314250265286 -0.7170056506317364 0.581442697170964
vn 0.5306858246125958 -0.7057738676826452 0.46931418394453966
vn 0.6428143371327779 -0.6945420684899862 0.32311150254083887
vn 0.713227284467285 -0.6840757038342546 0.1527981417265659
vn 0.7371261480509086 -0.6750880531254372 -0.030019366864360887
vn 0.7128823026193633 -0.6681915537692885 -0.21288229161557443
vn 0.6421478834139005 -0.6638562485090793 -0.38332881073889996
vn 0.5297433166976887 -0.6623775636510224 -0.5297433166976887
vn 0.38332881073889996 -0.6638562485090793 -0.6421478834139004
vn 0.21288229161557448 -0.6681915537692886 -0.7128823026193634
vn 0.030019366864361102 -0.6750880531254372 -0.7371261480509086
vn -0.1527981417265659 -0.6840757038342546 -0.713227284467285
vn -0.32311150254083887 -0.6945420684899862 -0.6428143371327779
vn -0.46931418394453966 -0.7057738676826452 -0.5306858246125958
vn -0.5814426971709639 -0.7170056506317364 -0.38448314250265286
vn -0.6518556448027705 -0.7274720084495767 -0.21416978139108028
vn -0.6757545068576869 -0.7364596943186589 -0.03135227432886076
vn -0.8065762397567036 -0.5906056975623909 -0.024893361901884778
vn -0.778068475115435 -0.5987150997274028 0.19013068502992395
vn -0.6948936071834968 -0.603812874494087 0.39055458938629284
vn -0.5627198206952216 -0.6055516549341394 0.5627198206952218
vn -0.39055458938629284 -0.603812874494087 0.6948936071834968
vn -0.19013068502992392 -0.5987150997274026 0.7780684751154349
vn 0.024893361901884726 -0.5906056975623909 0.8065762397567036
vn 0.23986400312256453 -0.5800373157089124 0.7784741308426489
vn 0.4401313294232794 -0.5677301678788275 0.6956772738420991
vn 0.6120474841442014 -0.5545230013336714 0.5638280927238821
vn 0.7438966633592148 -0.5413157910148331 0.39191193990616374
vn 0.8266935211763021 -0.5290086619651091 0.1916446127889114
vn 0.8547956302127495 -0.5184402829266634 -0.023326028554160962
vn 0.8262878654490882 -0.510330877946619 -0.2383500753635771
vn 0.7431129967006126 -0.5052330843995735 -0.43877397890340847
vn 0.610939212115541 -0.5034943477332035 -0.610939212115541
vn 0.43877397890340847 -0.5052330843995735 -0.7431129967006125
vn 0.23835007536357705 -0.5103308779466189 -0.8262878654490879
vn 0.023326028554161216 -0.5184402829266634 -0.8547956302127495
vn -0.1916446127889114 -0.5290086619651091 -0.826693521176302
vn -0.39191193990616374 -0.5413157910148331 -0.7438966633592148
vn -0.5638280927238821 -0.5545230013336714 -0.6120474841442013
vn -0.695677273842099 -0.5677301678788275 -0.4401313294232794
vn -0.7784741308426492 -0.5800373157089125 -0.2398640031225646
vn -0.8065762397567036 -0.5906056975623909 -0.024893361901884983
vn -0.9064017201630383 -0.4220550293847971 -0.017477810402999183
vn -0.8747255863008941 -0.4310657153843983 0.2214441186635899
vn -0.7823066141622972 -0.4367300678050145 0.4441432306283077
vn -0.6354429964657502 -0.4386620527071576 0.6354429964657501
vn -0.4441432306283077 -0.4367300678050145 0.7823066141622972
vn -0.22144411866358985 -0.4310657153843982 0.874725586300894
vn 0.017477810402999127 -0.4220550293847971 0.9064017201630383
vn 0.2563403982884707 -0.41031207293046046 0.8751763268123841
vn 0.4788655307988092 -0.3966371113845944 0.7831773779197528
vn 0.6698885336230338 -0.3819620490483274 0.6366744424014402
vn 0.8163914710072283 -0.36728702962734056 0.4456514377113338
vn 0.908390420028492 -0.35361207104002385 0.22312630507236267
vn 0.9396158134439812 -0.34186911607688575 -0.015736282877943437
vn 0.9079396795170022 -0.332858428586086 -0.2546582118796979
vn 0.8155207072497727 -0.3271940732069205 -0.4773573237157832
vn 0.668657087687344 -0.3252620453894972 -0.668657087687344
vn 0.47735732371578316 -0.32719407320692045 -0.8155207072497727
vn 0.2546582118796979 -0.332858428586086 -0.9079396795170022
vn 0.015736282877943722 -0.34186911607688575 -0.9396158134439812
vn -0.22312630507236264 -0.35361207104002385 -0.908390420028492
vn -0.44565143771133375 -0.36728702962734056 -0.8163914710072283
vn -0.6366744424014401 -0.38196204904832737 -0.6698885336230338
vn -0.783177377919753 -0.3966371113845944 -0.4788655307988092
vn -0.8751763268123841 -0.41031207293046046 -0.25634039828847066
vn -0.9064017201630383 -0.4220550293847971 -0.017477810402999408
vn -0.9713946818993138 -0.23728503674848614 -0.009390597052394355
vn -0.9377674825151593 -0.24685072724474277 0.24424755310119634
vn -0.839656023010638 -0.2528639732539949 0.48066368081243876
vn -0.6837464288443187 -0.2549149703043779 0.6837464288443187
vn -0.4806636808124387 -0.2528639732539949 0.8396560230106379
vn -0.2442475531011964 -0.24685072724474283 0.9377674825151594
vn 0.009390597052394294 -0.23728503674848614 0.9713946818993138
vn 0.2629657507608748 -0.22481877940477096 0.9382459860578773
vn 0.49919718296375215 -0.21030151821433485 0.8405804208746478
vn 0.7019861220773835 -0.19472256791747122 0.6850537248671686
vn 0.8575128189199165 -0.17914363682684237 0.4822647849184836
vn 0.9551783841407877 -0.1646263765021698 0.24603335267796433
vn 0.9883270802434505 -0.15216012516665522 -0.007541801291742104
vn 0.9546998805980699 -0.14259442866219793 -0.26117995118410686
vn 0.8565884210559066 -0.1365811817871823 -0.4975960788577073
vn 0.7006788260545337 -0.1345301655305646 -0.7006788260545337
vn 0.4975960788577073 -0.1365811817871823 -0.8565884210559066
vn 0.2611799511841069 -0.14259442866219793 -0.9546998805980699
vn 0.007541801291742404 -0.15216012516665522 -0.9883270802434505
vn -0.24603335267796436 -0.1646263765021698 -0.9551783841407878
vn -0.4822647849184835 -0.17914363682684234 -0.8575128189199165
vn -0.6850537248671686 -0.19472256791747122 -0.7019861220773835
vn -0.8405804208746478 -0.21030151821433485 -0.4991971829637521
vn -0.9382459860578773 -0.22481877940477096 -0.2629657507608748
vn -0.9713946818993138 -0.23728503674848614 -0.009390597052394594
vn -0.9990574920931582 -0.043396303660274686 -0.0009425079068418447
vn -0.9647714940201996 -0.05314940040957159 0.2576647153999457
vn -0.8647379101518377 -0.05928045335372744 0.4987125169838921
vn -0.7057738737220479 -0.06137164119322162 0.7057738737220479
vn -0.4987125169838921 -0.05928045335372744 0.8647379101518377
vn -0.2576647153999457 -0.05314940040957159 0.9647714940201996
vn 0.0009425079068417834 -0.043396303660274686 0.9990574920931582
vn 0.25948550085632377 -0.030685820485243185 0.9652593720169155
vn 0.5003449885577526 -0.015884149109287635 0.8656804180713669
vn 0.7071067811865476 -6.245004620395207e-17 0.7071067811865476
vn 0.8656804180713669 0.01588414910928751 0.5003449885577526
vn 0.9652593720169155 0.030685820485243064 0.25948550085632377
vn 0.9990574920931582 0.043396303660274554 0.0009425079068419615
vn 0.9647714940201996 0.053149400409571466 -0.2576647153999457
vn 0.8647379101518377 0.059280453353727315 -0.4987125169838921
vn 0.7057738737220479 0.06137164119322149 -0.7057738737220479
vn 0.4987125169838921 0.059280453353727315 -0.8647379101518377
vn 0.2576647153999457 0.053149400409571466 -0.9647714940201996
vn -0.0009425079068416558 0.04339630366027457 -0.9990574920931582
vn -0.25948550085632377 0.030685820485243064 -0.9652593720169155
vn -0.5003449885577526 0.01588414910928751 -0.8656804180713669
vn -0.7071067811865476 -6.245004620395207e-17 -0.7071067811865476
vn -0.8656804180713669 -0.015884149109287635 -0.5003449885577526
vn -0.9652593720169155 -0.03068582048524319 -0.25948550085632377
vn -0.9990574920931582 -0.04339630366027467 -0.0009425079068420894
vn -0.9990574920931582 -0.043396303660274624 -0.0009425079068418419
vn -0.9647714940201996 -0.05314940040957153 0.2576647153999457
vn -0.8647379101518377 -0.05928045335372738 0.4987125169838921
vn -0.7057738737220479 -0.061371641193221554 0.7057738737220479
vn -0.4987125169838921 -0.05928045335372738 0.8647379101518377
vn -0.2576647153999457 -0.05314940040957153 0.9647714940201996
vn 0.0009425079068417808 -0.043396303660274624 0.9990574920931582
vn 0.25948550085632377 -0.030685820485243126 0.9652593720169155
vn 0.5003449885577526 -0.015884149109287572 0.8656804180713669
vn 0.7071067811865476 0 0.7071067811865476
vn 0.8656804180713669 0.015884149109287572 0.5003449885577526
vn 0.9652593720169155 0.030685820485243126 0.25948550085632377
vn 0.9990574920931582 0.04339630366027462 0.0009425079068419642
vn 0.9647714940201996 0.05314940040957153 -0.2576647153999457
vn 0.8647379101518377 0.05928045335372738 -0.4987125169838921
vn 0.7057738737220479 0.061371641193221554 -0.7057738737220479
vn 0.4987125169838921 0.05928045335372738 -0.8647379101518377
vn 0.2576647153999457 0.05314940040957153 -0.9647714940201996
vn -0.0009425079068416584 0.04339630366027463 -0.9990574920931582
vn -0.25948550085632377 0.030685820485243126 -0.9652593720169155
vn -0.5003449885577526 0.015884149109287572 -0.8656804180713669
vn -0.7071067811865476 0 -0.7071067811865476
vn -0.8656804180713669 -0.015884149109287572 -0.5003449885577526
vn -0.9652593720169155 -0.030685820485243126 -0.25948550085632377
vn -0.9990574920931582 -0.04339630366027461 -0.0009425079068420866
vn -0.9883270802434505 0.15216012516665522 0.007541801291742224
vn -0.9546998805980699 0.14259442866219793 0.26117995118410686
vn -0.8565884210559066 0.1365811817871823 0.4975960788577073
vn -0.7006788260545337 0.1345301655305646 0.7006788260545337
vn -0.4975960788577073 0.1365811817871823 0.8565884210559066
vn -0.2611799511841069 0.14259442866219793 0.9546998805980699
vn -0.007541801291742285 0.15216012516665522 0.9883270802434505
vn 0.24603335267796436 0.1646263765021698 0.9551783841407878
vn 0.4822647849184835 0.17914363682684234 0.8575128189199165
vn 0.6850537248671686 0.19472256791747122 0.7019861220773835
vn 0.8405804208746478 0.21030151821433485 0.4991971829637521
vn 0.9382459860578773 0.22481877940477096 0.2629657507608748
vn 0.9713946818993138 0.23728503674848614 0.009390597052394475
vn 0.9377674825151593 0.24685072724474277 -0.24424755310119634
vn 0.839656023010638 0.2528639732539949 -0.48066368081243876
vn 0.6837464288443187 0.2549149703043779 -0.6837464288443187
vn 0.4806636808124387 0.2528639732539949 -0.8396560230106379
vn 0.2442475531011964 0.24685072724474283 -0.9377674825151594
vn -0.009390597052394175 0.23728503674848614 -0.9713946818993138
vn -0.2629657507608748 0.22481877940477096 -0.9382459860578773
vn -0.49919718296375215 0.21030151821433485 -0.8405804208746478
vn -0.7019861220773835 0.19472256791747122 -0.6850537248671686
vn -0.8575128189199165 0.17914363682684237 -0.4822647849184836
vn -0.9551783841407877 0.1646263765021698 -0.24603335267796433
vn -0.9883270802434505 0.15216012516665522 0.007541801291741984
vn -0.9396158134439812 0.34186911607688575 0.015736282877943552
vn -0.9079396795170022 0.332858428586086 0.2546582118796979
vn -0.8155207072497727 0.3271940732069205 0.4773573237157832
vn -0.668657087687344 0.3252620453894972 0.668657087687344
vn -0.47735732371578316 0.32719407320692045 0.8155207072497727
vn -0.2546582118796979 0.332858428586086 0.9079396795170022
vn -0.015736282877943607 0.34186911607688575 0.9396158134439812
vn 0.22312630507236264 0.35361207104002385 0.908390420028492
vn 0.44565143771133375 0.36728702962734056 0.8163914710072283
vn 0.6366744424014401 0.38196204904832737 0.6698885336230338
vn 0.783177377919753 0.3966371113845944 0.4788655307988092
vn 0.8751763268123841 0.41031207293046046 0.25634039828847066
vn 0.9064017201630383 0.4220550293847971 0.017477810402999297
vn 0.8747255863008941 0.4310657153843983 -0.2214441186635899
vn 0.7823066141622972 0.4367300678050145 -0.4441432306283077
vn 0.6354429964657502 0.4386620527071576 -0.6354429964657501
vn 0.4441432306283077 0.4367300678050145 -0.7823066141622972
vn 0.22144411866358985 0.4310657153843982 -0.874725586300894
vn -0.017477810402999013 0.4220550293847971 -0.9064017201630383
vn -0.2563403982884707 0.41031207293046046 -0.8751763268123841
vn -0.4788655307988092 0.3966371113845944 -0.7831773779197528
vn -0.6698885336230338 0.3819620490483274 -0.6366744424014402
vn -0.8163914710072283 0.36728702962734056 -0.4456514377113338
vn -0.908390420028492 0.35361207104002385 -0.22312630507236267
vn -0.9396158134439812 0.34186911607688575 0.015736282877943326
vn -0.8547956302127495 0.5184402829266634 0.023326028554161063
vn -0.8262878654490882 0.510330877946619 0.2383500753635771
vn -0.7431129967006126 0.5052330843995735 0.43877397890340847
vn -0.610939212115541 0.5034943477332035 0.610939212115541
vn -0.43877397890340847 0.5052330843995735 0.7431129967006125
vn -0.23835007536357705 0.5103308779466189 0.8262878654490879
vn -0.023326028554161115 0.5184402829266634 0.8547956302127495
vn 0.1916446127889114 0.5290086619651091 0.826693521176302
vn 0.39191193990616374 0.5413157910148331 0.7438966633592148
vn 0.5638280927238821 0.5545230013336714 0.6120474841442013
vn 0.695677273842099 0.5677301678788275 0.4401313294232794
vn 0.7784741308426492 0.5800373157089125 0.2398640031225646
vn 0.8065762397567036 0.5906056975623909 0.02489336190188488
vn 0.778068475115435 0.5987150997274028 -0.19013068502992395
vn 0.6948936071834968 0.603812874494087 -0.39055458938629284
vn 0.5627198206952216 0.6055516549341394 -0.5627198206952218
vn 0.39055458938629284 0.603812874494087 -0.6948936071834968
vn 0.19013068502992392 0.5987150997274026 -0.7780684751154349
vn -0.024893361901884625 0.5906056975623909 -0.8065762397567036
vn -0.23986400312256453 0.5800373157089124 -0.7784741308426489
vn -0.4401313294232794 0.5677301678788275 -0.6956772738420991
vn -0.6120474841442014 0.5545230013336714 -0.5638280927238821
vn -0.7438966633592148 0.5413157910148331 -0.39191193990616374
vn -0.8266935211763021 0.5290086619651091 -0.1916446127889114
vn -0.8547956302127495 0.5184402829266634 0.023326028554160858
vn -0.7371261480509086 0.6750880531254372 0.030019366864360974
vn -0.7128823026193633 0.6681915537692885 0.21288229161557443
vn -0.6421478834139005 0.6638562485090793 0.38332881073889996
vn -0.5297433166976887 0.6623775636510224 0.5297433166976887
vn -0.38332881073889996 0.6638562485090793 0.6421478834139004
vn -0.21288229161557448 0.6681915537692886 0.7128823026193634
vn -0.030019366864361016 0.6750880531254372 0.7371261480509086
vn 0.1527981417265659 0.6840757038342546 0.713227284467285
vn 0.32311150254083887 0.6945420684899862 0.6428143371327779
vn 0.46931418394453966 0.7057738676826452 0.5306858246125958
vn 0.5814426971709639 0.7170056506317364 0.38448314250265286
vn 0.6518556448027705 0.7274720084495767 0.21416978139108028
vn 0.6757545068576869 0.7364596943186589 0.03135227432886067
vn 0.6515106629548488 0.7433561585145428 -0.15151065195106003
vn 0.5807762434520863 0.7476914706126434 -0.32195717077708597
vn 0.4683716760296327 0.7491701717142679 -0.4683716760296327
vn 0.32195717077708597 0.7476914706126434 -0.5807762434520863
vn 0.15151065195106003 0.7433561585145428 -0.6515106629548488
vn -0.03135227432886046 0.7364596943186589 -0.6757545068576869
vn -0.21416978139108028 0.7274720084495767 -0.6518556448027706
vn -0.38448314250265286 0.7170056506317364 -0.581442697170964
vn -0.5306858246125958 0.7057738676826452 -0.46931418394453966
vn -0.6428143371327779 0.6945420684899862 -0.32311150254083887
vn -0.713227284467285 0.6840757038342546 -0.1527981417265659
vn -0.7371261480509086 0.6750880531254372 0.0300193668643608
vn -0.5911293269148318 0.8057925730828418 0.03555907796542277
vn -0.5720810356435034 0.8003740519947805 0.1792335502926645
vn -0.5165053548190903 0.7969678182247449 0.31315254295198613
vn -0.428189668004962 0.7958060168329971 0.428189668004962
vn -0.31315254295198613 0.7969678182247449 0.5165053548190903
vn -0.17923355029266447 0.8003740519947803 0.5720810356435034
vn -0.035559077965422806 0.8057925730828418 0.5911293269148318
vn 0.10807970912681422 0.8128541480353677 0.5723520861294729
vn 0.24189408044441965 0.821077513617805 0.5170289841751156
vn 0.3567647765717693 0.8299022742615514 0.4289301917249477
vn 0.4448635690453973 0.838727034365716 0.314059495574138
vn 0.500186670755401 0.8469504055682883 0.18024512450088623
vn 0.5189639122791043 0.8540119635388878 0.036606336670304655
vn 0.4999156202694314 0.8594305016088756 -0.10706813491859248
vn 0.444339939689372 0.8628367297587761 -0.24098712782226783
vn 0.35602425285178374 0.8639985316901055 -0.35602425285178374
vn 0.24098712782226783 0.8628367297587761 -0.444339939689372
vn 0.10706813491859249 0.8594305016088756 -0.49991562026943137
vn -0.03660633667030448 0.8540119635388878 -0.5189639122791043
vn -0.18024512450088623 0.8469504055682883 -0.5001866707554009
vn -0.314059495574138 0.838727034365716 -0.4448635690453973
vn -0.4289301917249477 0.8299022742615514 -0.3567647765717693
vn -0.5170289841751156 0.821077513617805 -0.24189408044441965
vn -0.5723520861294729 0.8128541480353677 -0.10807970912681424
vn -0.5911293269148318 0.8057925730828418 0.03555907796542263
vn -0.42241571155004487 0.9055309564005105 0.03973227448870801
vn -0.40929503047016547 0.9017986065158761 0.13869697660169147
vn -0.3710138323721192 0.8994523559877526 0.23094197430660793
vn -0.31018093529555923 0.8986520877171232 0.31018093529555923
vn -0.23094197430660793 0.8994523559877526 0.3710138323721192
vn -0.13869697660169147 0.9017986065158761 0.40929503047016547
vn -0.03973227448870803 0.9055309564005105 0.42241571155004487
vn 0.05920784783431057 0.9103950465856708 0.4094817333008928
vn 0.1513807807896553 0.9160594026369191 0.37137451453755577
vn 0.23050510396917565 0.922137998918934 0.31069101691864814
vn 0.29118860118766104 0.9282166044106587 0.23156669413955
vn 0.3292958200920905 0.9338809572167821 0.13939376104311288
vn 0.3422297982421334 0.9387450496814531 0.040453638819203504
vn 0.32910911726136327 0.9424773972865765 -0.05851106339288921
vn 0.29082791902222455 0.9448236510598251 -0.15075606095671323
vn 0.2299950223460867 0.9456239101207448 -0.2299950223460867
vn 0.15075606095671323 0.9448236510598251 -0.29082791902222455
vn 0.05851106339288921 0.9424773972865765 -0.32910911726136327
vn -0.0404536388192034 0.9387450496814533 -0.34222979824213345
vn -0.13939376104311288 0.9338809572167821 -0.3292958200920905
vn -0.23156669413955 0.9282166044106587 -0.29118860118766104
vn -0.31069101691864814 0.922137998918934 -0.23050510396917565
vn -0.37137451453755577 0.9160594026369191 -0.1513807807896553
vn -0.4094817333008928 0.9103950465856708 -0.05920784783431057
vn -0.42241571155004487 0.9055309564005105 0.03973227448870792
vn -0.2374689109264124 0.9704702840189877 0.0423785816129892
vn -0.23078004386044787 0.9685675492914779 0.09283034964530906
vn -0.2112644640334784 0.9673714392277866 0.13985644355197965
vn -0.18025211266719351 0.9669634697122879 0.18025211266719351
vn -0.13985644355197965 0.9673714392277866 0.2112644640334784
vn -0.09283034964530906 0.9685675492914779 0.2307800438604479
vn -0.04237858161298921 0.9704702840189877 0.2374689109264124
vn 0.008060655688574947 0.9729499764678023 0.23087522413886927
vn 0.05505001145285125 0.975837638394179 0.2114483382112814
vn 0.09538723842637835 0.9789364833530909 0.18051215002229928
vn 0.1263234266865185 0.9820353266753675 0.14017492297761414
vn 0.14575031254862542 0.9849229901078067 0.09318556727881881
vn 0.15234399934458148 0.9874026823631245 0.042746329968841784
vn 0.145655132270204 0.9893054172841311 -0.007705438055065185
vn 0.1261395525087155 0.99050152584176 -0.05473153202721676
vn 0.09512720107127264 0.9909094969938937 -0.09512720107127264
vn 0.05473153202721676 0.99050152584176 -0.1261395525087155
vn 0.007705438055065186 0.9893054172841311 -0.145655132270204
vn -0.04274632996884173 0.9874026823631245 -0.15234399934458148
vn -0.09318556727881881 0.9849229901078067 -0.1457503125486254
vn -0.14017492297761414 0.9820353266753675 -0.1263234266865185
vn -0.18051215002229928 0.9789364833530909 -0.09538723842637835
vn -0.2114483382112814 0.975837638394179 -0.05505001145285125
vn -0.23087522413886927 0.9729499764678023 -0.008060655688574947
vn -0.2374689109264124 0.9704702840189877 0.04237858161298915
vn -0.043396303660274686 0.9981149841863164 0.043396303660274624
vn -0.043396303660274686 0.9981149841863164 0.04339630366027464
vn -0.04339630366027468 0.9981149841863164 0.04339630366027465
vn -0.043396303660274665 0.9981149841863164 0.043396303660274665
vn -0.04339630366027465 0.9981149841863164 0.04339630366027468
vn -0.04339630366027464 0.9981149841863164 0.043396303660274686
vn -0.043396303660274624 0.9981149841863164 0.043396303660274686
vn -0.04339630366027461 0.9981149841863164 0.043396303660274686
vn -0.043396303660274596 0.9981149841863164 0.04339630366027468
vn -0.04339630366027458 0.9981149841863164 0.043396303660274665
vn -0.04339630366027457 0.9981149841863164 0.04339630366027465
vn -0.04339630366027456 0.9981149841863164 0.04339630366027464
vn -0.04339630366027456 0.9981149841863164 0.043396303660274624
vn -0.04339630366027456 0.9981149841863164 0.04339630366027461
vn -0.04339630366027457 0.9981149841863164 0.043396303660274596
vn -0.04339630366027458 0.9981149841863164 0.04339630366027458
vn -0.043396303660274596 0.9981149841863164 0.04339630366027457
vn -0.04339630366027461 0.9981149841863164 0.04339630366027456
vn -0.043396303660274624 0.9981149841863164 0.04339630366027456
vn -0.04339630366027464 0.9981149841863164 0.04339630366027456
vn -0.04339630366027465 0.9981149841863164 0.04339630366027457
vn -0.043396303660274665 0.9981149841863164 0.04339630366027458
vn -0.04339630366027468 0.9981149841863164 0.043396303660274596
vn -0.043396303660274686 0.9981149841863164 0.04339630366027461
vn -0.043396303660274686 0.9981149841863164 0.043396303660274624
f 451/451/451 452/452/452 476/476/476
f 452/452/452 477/477/477 476/476/476
f 452/452/452 453/453/453 477/477/477
f 453/453/453 478/478/478 477/477/477
f 453/453/453 454/454/454 478/478/478
f 454/454/454 479/479/479 478/478/478
f 454/454/454 455/455/455 479/479/479
f 455/455/455 480/480/480 479/479/479
f 455/455/455 456/456/456 480/480/480
f 456/456/456 481/481/481 480/480/480
f 456/456/456 457/457/457 481/481/481
f 457/457/457 482/482/482 481/481/481
f 457/457/457 458/458/458 482/482/482
f 458/458/458 483/483/483 482/482/482
f 458/458/458 459/459/459 483/483/483
f 459/459/459 484/484/484 483/483/483
f 459/459/459 460/460/460 484/484/484
f 460/460/460 485/485/485 484/484/484
f 460/460/460 461/461/461 485/485/485
f 461/461/461 486/486/486 485/485/485
f 461/461/461 462/462/462 486/486/486
f 462/462/462 487/487/487 486/486/486
f 462/462/462 463/463/463 487/487/487
f 463/463/463 488/488/488 487/487/487
f 463/463/463 464/464/464 488/488/488
f 464/464/464 489/489/489 488/488/488
f 464/464/464 465/465/465 489/489/489
f 465/465/465 490/490/490 489/489/489
f 465/465/465 466/466/466 490/490/490
f 466/466/466 491/491/491 490/490/490
f 466/466/466 467/467/467 491/491/491
f 467/467/467 492/492/492 491/491/491
f 467/467/467 468/468/468 492/492/492
f 468/468/468 493/493/493 492/492/492
f 468/468/468 469/469/469 493/493/493
f 469/469/469 494/494/494 493/493/493
f 469/469/469 470/470/470 494/494/494
f 470/470/470 495/495/495 494/494/494
f 470/470/470 471/471/471 495/495/495
f 471/471/471 496/496/496 495/495/495
f 471/471/471 472/472/472 496/496/496
f 472/472/472 497/497/497 496/496/496
f 472/472/472 473/473/473 497/497/497
f 473/473/473 498/498/498 497/497/497
f 473/473/473 474/474/474 498/498/498
f 474/474/474 499/499/499 498/498/498
f 474/474/474 475/475/475 499/499/499
f 475/475/475 500/500/500 499/499/499
f 476/476/476 477/477/477 501/501/501
f 477/477/477 502/502/502 501/501/501
f 477/477/477 478/478/478 502/502/502
f 478/478/478 503/503/503 502/502/502
f 478/478/478 479/479/479 503/503/503
f 479/479/479 504/504/504 503/503/503
f 479/479/479 480/480/480 504/504/504
f 480/480/480 505/505/505 504/504/504
f 480/480/480 481/481/481 505/505/505
f 481/481/481 506/506/506 505/505/505
f 481/481/481 482/482/482 506/506/506
f 482/482/482 507/507/507 506/506/506
f 482/482/482 483/483/483 507/507/507
f 483/483/483 508/508/508 507/507/507
f 483/483/483 484/484/484 508/508/508
f 484/484/484 509/509/509 508/508/508
f 484/484/484 485/485/485 509/509/509
f 485/485/485 510/510/510 509/509/509
f 485/485/485 486/486/486 510/510/510
f 486/486/486 511/511/511 510/510/510
f 486/486/486 487/487/487 511/511/511
f 487/487/487 512/512/512 511/511/511
f 487/487/487 488/488/488 512/512/512
f 488/488/488 513/513/513 512/512/512
f 488/488/488 489/489/489 513/513/513
f 489/489/489 514/514/514 513/513/513
f 489/489/489 490/490/490 514/514/514
f 490/490/490 515/515/515 514/514/514
f 490/490/490 491/491/491 515/515/515
f 491/491/491 516/516/516 515/515/515
f 491/491/491 492/492/492 516/516/516
f 492/492/492 517/517/517 516/516/516
f 492/492/492 493/493/493 517/517/517
f 493/493/493 518/518/518 517/517/517
f 493/493/493 494/494/494 518/518/518
f 494/494/494 519/519/519 518/518/518
f 494/494/494 495/495/495 519/519/519
f 495/495/495 520/520/520 519/519/519
f 495/495/495 496/496/496 520/520/520
f 496/496/496 521/521/521 520/520/520
f 496/496/496 497/497/497 521/521/521
f 497/497/497 522/522/522 521/521/521
f 497/497/497 498/498/498 522/522/522
f 498/498/498 523/523/523 522/522/522
f 498/498/498 499/499/499 523/523/523
f 499/499/499 524/524/524 523/523/523
f 499/499/499 500/500/500 524/524/524
f 500/500/500 525/525/525 524/524/524
f 501/501/501 502/502/502 526/526/526
f 502/502/502 527/527/527 526/526/526
f 502/502/502 503/503/503 527/527/527
f 503/503/503 528/528/528 527/527/527
f 503/503/503 504/504/504 528/528/528
f 504/504/504 529/529/529 528/528/528
f 504/504/504 505/505/505 529/529/529
f 505/505/505 530/530/530 529/529/529
f 505/505/505 506/506/506 530/530/530
f 506/506/506 531/531/531 530/530/530
f 506/506/506 507/507/507 531/531/531
f 507/507/507 532/532/532 531/531/531
f 507/507/507 508/508/508 532/532/532
f 508/508/508 533/533/533 532/532/532
f 508/508/508 509/509/509 533/533/533
f 509/509/509 534/534/534 533/533/533
f 509/509/509 510/510/510 534/534/534
f 510/510/510 535/535/535 534/534/534
f 510/510/510 511/511/511 535/535/535
f 511/511/511 536/536/536 535/535/535
f 511/511/511 512/512/512 536/536/536
f 512/512/512 537/537/537 536/536/536
f 512/512/512 513/513/513 537/537/537
f 513/513/513 538/538/538 537/537/537
f 513/513/513 514/514/514 538/538/538
f 514/514/514 539/539/539 538/538/538
f 514/514/514 515/515/515 539/539/539
f 515/515/515 540/540/540 539/539/539
f 515/515/515 516/516/516 540/540/540
f 516/516/516 541/541/541 540/540/540
f 516/516/516 517/517/517 541/541/541
f 517/517/517 542/542/542 541/541/541
f 517/517/517 518/518/518 542/542/542
f 518/518/518 543/543/543 542/542/542
f 518/518/518 519/519/519 543/543/543
f 519/519/519 544/544/544 543/543/543
f 519/519/519 520/520/520 544/544/544
f 520/520/520 545/545/545 544/544/544
f 520/520/520 521/521/521 545/545/545
f 521/521/521 546/546/546 545/545/545
f 521/521/521 522/522/522 546/546/546
f 522/522/522 547/547/547 546/546/546
f 522/522/522 523/523/523 547/547/547
f 523/523/523 548/548/548 547/547/547
f 523/523/523 524/524/524 548/548/548
f 524/524/524 549/549/549 548/548/548
f 524/524/524 525/525/525 549/549/549
f 525/525/525 550/550/550 549/549/549
f 526/526/526 527/527/527 551/551/551
f 527/527/527 552/552/552 551/551/551
f 527/527/527 528/528/528 552/552/552
f 528/528/528 553/553/553 552/552/552
f 528/528/528 529/529/529 553/553/553
f 529/529/529 554/554/554 553/553/553
f 529/529/529 530/530/530 554/554/554
f 530/530/530 555/555/555 554/554/554
f 530/530/530 531/531/531 555/555/555
f 531/531/531 556/556/556 555/555/555
f 531/531/531 532/532/532 556/556/556
f 532/532/532 557/557/557 556/556/556
f 532/532/532 533/533/533 557/557/557
f 533/533/533 558/558/558 557/557/557
f 533/533/533 534/534/534 558/558/558
f 534/534/534 559/559/559 558/558/558
f 534/534/534 535/535/535 559/559/559
f 535/535/535 560/560/560 559/559/559
f 535/535/535 536/536/536 560/560/560
f 536/536/536 561/561/561 560/560/560
f 536/536/536 537/537/537 561/561/561
f 537/537/537 562/562/562 561/561/561
f 537/537/537 538/538/538 562/562/562
f 538/538/538 563/563/563 562/562/562
f 538/538/538 539/539/539 563/563/563
f 539/539/539 564/564/564 563/563/563
f 539/539/539 540/540/540 564/564/564
f 540/540/540 565/565/565 564/564/564
f 540/540/540 541/541/541 565/565/565
f 541/541/541 566/566/566 565/565/565
f 541/541/541 542/542/542 566/566/566
f 542/542/542 567/567/567 566/566/566
f 542/542/542 543/543/543 567/567/567
f 543/543/543 568/568/568 567/567/567
f 543/543/543 544/544/544 568/568/568
f 544/544/544 569/569/569 568/568/568
f 544/544/544 545/545/545 569/569/569
f 545/545/545 570/570/570 569/569/569
f 545/545/545 546/546/546 570/570/570
f 546/546/546 571/571/571 570/570/570
f 546/546/546 547/547/547 571/571/571
f 547/547/547 572/572/572 571/571/571
f 547/547/547 548/548/548 572/572/572
f 548/548/548 573/573/573 572/572/572
f 548/548/548 549/549/549 573/573/573
f 549/549/549 574/574/574 573/573/573
f 549/549/549 550/550/550 574/574/574
f 550/550/550 575/575/575 574/574/574
f 551/551/551 552/552/552 576/576/576
f 552/552/552 577/577/577 576/576/576
f 552/552/552 553/553/553 577/577/577
f 553/553/553 578/578/578 577/577/577
f 553/553/553 554/554/554 578/578/578
f 554/554/554 579/579/579 578/578/578
f 554/554/554 555/555/555 579/579/579
f 555/555/555 580/580/580 579/579/579
f 555/555/555 556/556/556 580/580/580
f 556/556/556 581/581/581 580/580/580
f 556/556/556 557/557/557 581/581/581
f 557/557/557 582/582/582 581/581/581
f 557/557/557 558/558/558 582/582/582
f 558/558/558 583/583/583 582/582/582
f 558/558/558 559/559/559 583/583/583
f 559/559/559 584/584/584 583/583/583
f 559/559/559 560/560/560 584/584/584
f 560/560/560 585/585/585 584/584/584
f 560/560/560 561/561/561 585/585/585
f 561/561/561 586/586/586 585/585/585
f 561/561/561 562/562/562 586/586/586
f 562/562/562 587/587/587 586/586/586
f 562/562/562 563/563/563 587/587/587
f 563/563/563 588/588/588 587/587/587
f 563/563/563 564/564/564 588/588/588
f 564/564/564 589/589/589 588/588/588
f 564/564/564 565/565/565 589/589/589
f 565/565/565 590/590/590 589/589/589
f 565/565/565 566/566/566 590/590/590
f 566/566/566 591/591/591 590/590/590
f 566/566/566 567/567/567 591/591/591
f 567/567/567 592/592/592 591/591/591
f 567/567/567 568/568/568 592/592/592
f 568/568/568 593/593/593 592/592/592
f 568/568/568 569/569/569 593/593/593
f 569/569/569 594/594/594 593/593/593
f 569/569/569 570/570/570 594/594/594
f 570/570/570 595/595/595 594/594/594
f 570/570/570 571/571/571 595/595/595
f 571/571/571 596/596/596 595/595/595
f 571/571/571 572/572/572 596/596/596
f 572/572/572 597/597/597 596/596/596
f 572/572/572 573/573/573 597/597/597
f 573/573/573 598/598/598 597/597/597
f 573/573/573 574/574/574 598/598/598
f 574/574/574 599/599/599 598/598/598
f 574/574/574 575/575/575 599/599/599
f 575/575/575 600/600/600 599/599/599
f 576/576/576 577/577/577 601/601/601
f 577/577/577 602/602/602 601/601/601
f 577/577/577 578/578/578 602/602/602
f 578/578/578 603/603/603 602/602/602
f 578/578/578 579/579/579 603/603/603
f 579/579/579 604/604/604 603/603/603
f 579/579/579 580/580/580 604/604/604
f 580/580/580 605/605/605 604/604/604
f 580/580/580 581/581/581 605/605/605
f 581/581/581 606/606/606 605/605/605
f 581/581/581 582/582/582 606/606/606
f 582/582/582 607/607/607 606/606/606
f 582/582/582 583/583/583 607/607/607
f 583/583/583 608/608/608 607/607/607
f 583/583/583 584/584/584 608/608/608
f 584/584/584 609/609/609 608/608/608
f 584/584/584 585/585/585 609/609/609
f 585/585/585 610/610/610 609/609/609
f 585/585/585 586/586/586 610/610/610
f 586/586/586 611/611/611 610/610/610
f 586/586/586 587/587/587 611/611/611
f 587/587/587 612/612/612 611/611/611
f 587/587/587 588/588/588 612/612/612
f 588/588/588 613/613/613 612/612/612
f 588/588/588 589/589/589 613/613/613
f 589/589/589 614/614/614 613/613/613
f 589/589/589 590/590/590 614/614/614
f 590/590/590 615/615/615 614/614/614
f 590/590/590 591/591/591 615/615/615
f 591/591/591 616/616/616 615/615/615
f 591/591/591 592/592/592 616/616/616
f 592/592/592 617/617/617 616/616/616
f 592/592/592 593/593/593 617/617/617
f 593/593/593 618/618/618 617/617/617
f 593/593/593 594/594/594 618/618/618
f 594/594/594 619/619/619 618/618/618
f 594/594/594 595/595/595 619/619/619
f 595/595/595 620/620/620 619/619/619
f 595/595/595 596/596/596 620/620/620
f 596/596/596 621/621/621 620/620/620
f 596/596/596 597/597/597 621/621/621
f 597/597/597 622/622/622 621/621/621
f 597/597/597 598/598/598 622/622/622
f 598/598/598 623/623/623 622/622/622
f 598/598/598 599/599/599 623/623/623
f 599/599/599 624/624/624 623/623/623
f 599/599/599 600/600/600 624/624/624
f 600/600/600 625/625/625 624/624/624
f 601/601/601 602/602/602 626/626/626
f 602/602/602 627/627/627 626/626/626
f 602/602/602 603/603/603 627/627/627
f 603/603/603 628/628/628 627/627/627
f 603/603/603 604/604/604 628/628/628
f 604/604/604 629/629/629 628/628/628
f 604/604/604 605/605/605 629/629/629
f 605/605/605 630/630/630 629/629/629
f 605/605/605 606/606/606 630/630/630
f 606/606/606 631/631/631 630/630/630
f 606/606/606 607/607/607 631/631/631
f 607/607/607 632/632/632 631/631/631
f 607/607/607 608/608/608 632/632/632
f 608/608/608 633/633/633 632/632/632
f 608/608/608 609/609/609 633/633/633
f 609/609/609 634/634/634 633/633/633
f 609/609/609 610/610/610 634/634/634
f 610/610/610 635/635/635 634/634/634
f 610/610/610 611/611/611 635/635/635
f 611/611/611 636/636/636 635/635/635
f 611/611/611 612/612/612 636/636/636
f 612/612/612 637/637/637 636/636/636
f 612/612/612 613/613/613 637/637/637
f 613/613/613 638/638/638 637/637/637
f 613/613/613 614/614/614 638/638/638
f 614/614/614 639/639/639 638/638/638
f 614/614/614 615/615/615 639/639/639
f 615/615/615 640/640/640 639/639/639
f 615/615/615 616/616/616 640/640/640
f 616/616/616 641/641/641 640/640/640
f 616/616/616 617/617/617 641/641/641
f 617/617/617 642/642/642 641/641/641
f 617/617/617 618/618/618 642/642/642
f 618/618/618 643/643/643 642/642/642
f 618/618/618 619/619/619 643/643/643
f 619/619/619 644/644/644 643/643/643
f 619/619/619 620/620/620 644/644/644
f 620/620/620 645/645/645 644/644/644
f 620/620/620 621/621/621 645/645/645
f 621/621/621 646/646/646 645/645/645
f 621/621/621 622/622/622 646/646/646
f 622/622/622 647/647/647 646/646/646
f 622/622/622 623/623/623 647/647/647
f 623/623/623 648/648/648 647/647/647
f 623/623/623 624/624/624 648/648/648
f 624/624/624 649/649/649 648/648/648
f 624/624/624 625/625/625 649/649/649
f 625/625/625 650/650/650 649/649/649
f 626/626/626 627/627/627 651/651/651
f 627/627/627 652/652/652 651/651/651
f 627/627/627 628/628/628 652/652/652
f 628/628/628 653/653/653 652/652/652
f 628/628/628 629/629/629 653/653/653
f 629/629/629 654/654/654 653/653/653
f 629/629/629 630/630/630 654/654/654
f 630/630/630 655/655/655 654/654/654
f 630/630/630 631/631/631 655/655/655
f 631/631/631 656/656/656 655/655/655
f 631/631/631 632/632/632 656/656/656
f 632/632/632 657/657/657 656/656/656
f 632/632/632 633/633/633 657/657/657
f 633/633/633 658/658/658 657/657/657
f 633/633/633 634/634/634 658/658/658
f 634/634/634 659/659/659 658/658/658
f 634/634/634 635/635/635 659/659/659
f 635/635/635 660/660/660 659/659/659
f 635/635/635 636/636/636 660/660/660
f 636/636/636 661/661/661 660/660/660
f 636/636/636 637/637/637 661/661/661
f 637/637/637 662/662/662 661/661/661
f 637/637/637 638/638/638 662/662/662
f 638/638/638 663/663/663 662/662/662
f 638/638/638 639/639/639 663/663/663
f 639/639/639 664/664/664 663/663/663
f 639/639/639 640/640/640 664/664/664
f 640/640/640 665/665/665 664/664/664
f 640/640/640 641/641/641 665/665/665
f 641/641/641 666/666/666 665/665/665
f 641/641/641 642/642/642 666/666/666
f 642/642/642 667/667/667 666/666/666
f 642/642/642 643/643/643 667/667/667
f 643/643/643 668/668/668 667/667/667
f 643/643/643 644/644/644 668/668/668
f 644/644/644 669/669/669 668/668/668
f 644/644/644 645/645/645 669/669/669
f 645/645/645 670/670/670 669/669/669
f 645/645/645 646/646/646 670/670/670
f 646/646/646 671/671/671 670/670/670
f 646/646/646 647/647/647 671/671/671
f 647/647/647 672/672/672 671/671/671
f 647/647/647 648/648/648 672/672/672
f 648/648/648 673/673/673 672/672/672
f 648/648/648 649/649/649 673/673/673
f 649/649/649 674/674/674 673/673/673
f 649/649/649 650/650/650 674/674/674
f 650/650/650 675/675/675 674/674/674
f 651/651/651 652/652/652 676/676/676
f 652/652/652 677/677/677 676/676/676
f 652/652/652 653/653/653 677/677/677
f 653/653/653 678/678/678 677/677/677
f 653/653/653 654/654/654 678/678/678
f 654/654/654 679/679/679 678/678/678
f 654/654/654 655/655/655 679/679/679
f 655/655/655 680/680/680 679/679/679
f 655/655/655 656/656/656 680/680/680
f 656/656/656 681/681/681 680/680/680
f 656/656/656 657/657/657 681/681/681
f 657/657/657 682/682/682 681/681/681
f 657/657/657 658/658/658 682/682/682
f 658/658/658 683/683/683 682/682/682
f 658/658/658 659/659/659 683/683/683
f 659/659/659 684/684/684 683/683/683
f 659/659/659 660/660/660 684/684/684
f 660/660/660 685/685/685 684/684/684
f 660/660/660 661/661/661 685/685/685
f 661/661/661 686/686/686 685/685/685
f 661/661/661 662/662/662 686/686/686
f 662/662/662 687/687/687 686/686/686
f 662/662/662 663/663/663 687/687/687
f 663/663/663 688/688/688 687/687/687
f 663/663/663 664/664/664 688/688/688
f 664/664/664 689/689/689 688/688/688
f 664/664/664 665/665/665 689/689/689
f 665/665/665 690/690/690 689/689/689
f 665/665/665 666/666/666 690/690/690
f 666/666/666 691/691/691 690/690/690
f 666/666/666 667/667/667 691/691/691
f 667/667/667 692/692/692 691/691/691
f 667/667/667 668/668/668 692/692/692
f 668/668/668 693/693/693 692/692/692
f 668/668/668 669/669/669 693/693/693
f 669/669/669 694/694/694 693/693/693
f 669/669/669 670/670/670 694/694/694
f 670/670/670 695/695/695 694/694/694
f 670/670/670 671/671/671 695/695/695
f 671/671/671 696/696/696 695/695/695
f 671/671/671 672/672/672 696/696/696
f 672/672/672 697/697/697 696/696/696
f 672/672/672 673/673/673 697/697/697
f 673/673/673 698/698/698 697/697/697
f 673/673/673 674/674/674 698/698/698
f 674/674/674 699/699/699 698/698/698
f 674/674/674 675/675/675 699/699/699
f 675/675/675 700/700/700 699/699/699
f 676/676/676 677/677/677 701/701/701
f 677/677/677 702/702/702 701/701/701
f 677/677/677 678/678/678 702/702/702
f 678/678/678 703/703/703 702/702/702
f 678/678/678 679/679/679 703/703/703
f 679/679/679 704/704/704 703/703/703
f 679/679/679 680/680/680 704/704/704
f 680/680/680 705/705/705 704/704/704
f 680/680/680 681/681/681 705/705/705
f 681/681/681 706/706/706 705/705/705
f 681/681/681 682/682/682 706/706/706
f 682/682/682 707/707/707 706/706/706
f 682/682/682 683/683/683 707/707/707
f 683/683/683 708/708/708 707/707/707
f 683/683/683 684/684/684 708/708/708
f 684/684/684 709/709/709 708/708/708
f 684/684/684 685/685/685 709/709/709
f 685/685/685 710/710/710 709/709/709
f 685/685/685 686/686/686 710/710/710
f 686/686/686 711/711/711 710/710/710
f 686/686/686 687/687/687 711/711/711
f 687/687/687 712/712/712 711/711/711
f 687/687/687 688/688/688 712/712/712
f 688/688/688 713/713/713 712/712/712
f 688/688/688 689/689/689 713/713/713
f 689/689/689 714/714/714 713/713/713
f 689/689/689 690/690/690 714/714/714
f 690/690/690 715/715/715 714/714/714
f 690/690/690 691/691/691 715/715/715
f 691/691/691 716/716/716 715/715/715
f 691/691/691 692/692/692 716/716/716
f 692/692/692 717/717/717 716/716/716
f 692/692/692 693/693/693 717/717/717
f 693/693/693 718/718/718 717/717/717
f 693/693/693 694/694/694 718/718/718
f 694/694/694 719/719/719 718/718/718
f 694/694/694 695/695/695 719/719/719
f 695/695/695 720/720/720 719/719/719
f 695/695/695 696/696/696 720/720/720
f 696/696/696 721/721/721 720/720/720
f 696/696/696 697/697/697 721/721/721
f 697/697/697 722/722/722 721/721/721
f 697/697/697 698/698/698 722/722/722
f 698/698/698 723/723/723 722/722/722
f 698/698/698 699/699/699 723/723/723
f 699/699/699 724/724/724 723/723/723
f 699/699/699 700/700/700 724/724/724
f 700/700/700 725/725/725 724/724/724
f 701/701/701 702/702/702 726/726/726
f 702/702/702 727/727/727 726/726/726
f 702/702/702 703/703/703 727/727/727
f 703/703/703 728/728/728 727/727/727
f 703/703/703 704/704/704 728/728/728
f 704/704/704 729/729/729 728/728/728
f 704/704/704 705/705/705 729/729/729
f 705/705/705 730/730/730 729/729/729
f 705/705/705 706/706/706 730/730/730
f 706/706/706 731/731/731 730/730/730
f 706/706/706 707/707/707 731/731/731
f 707/707/707 732/732/732 731/731/731
f 707/707/707 708/708/708 732/732/732
f 708/708/708 733/733/733 732/732/732
f 708/708/708 709/709/709 733/733/733
f 709/709/709 734/734/734 733/733/733
f 709/709/709 710/710/710 734/734/734
f 710/710/710 735/735/735 734/734/734
f 710/710/710 711/711/711 735/735/735
f 711/711/711 736/736/736 735/735/735
f 711/711/711 712/712/712 736/736/736
f 712/712/712 737/737/737 736/736/736
f 712/712/712 713/713/713 737/737/737
f 713/713/713 738/738/738 737/737/737
f 713/713/713 714/714/714 738/738/738
f 714/714/714 739/739/739 738/738/738
f 714/714/714 715/715/715 739/739/739
f 715/715/715 740/740/740 739/739/739
f 715/715/715 716/716/716 740/740/740
f 716/716/716 741/741/741 740/740/740
f 716/716/716 717/717/717 741/741/741
f 717/717/717 742/742/742 741/741/741
f 717/717/717 718/718/718 742/742/742
f 718/718/718 743/743/743 742/742/742
f 718/718/718 719/719/719 743/743/743
f 719/719/719 744/744/744 743/743/743
f 719/719/719 720/720/720 744/744/744
f 720/720/720 745/745/745 744/744/744
f 720/720/720 721/721/721 745/745/745
f 721/721/721 746/746/746 745/745/745
f 721/721/721 722/722/722 746/746/746
f 722/722/722 747/747/747 746/746/746
f 722/722/722 723/723/723 747/747/747
f 723/723/723 748/748/748 747/747/747
f 723/723/723 724/724/724 748/748/748
f 724/724/724 749/749/749 748/748/748
f 724/724/724 725/725/725 749/749/749
f 725/725/725 750/750/750 749/749/749
f 726/726/726 727/727/727 751/751/751
f 727/727/727 752/752/752 751/751/751
f 727/727/727 728/728/728 752/752/752
f 728/728/728 753/753/753 752/752/752
f 728/728/728 729/729/729 753/753/753
f 729/729/729 754/754/754 753/753/753
f 729/729/729 730/730/730 754/754/754
f 730/730/730 755/755/755 754/754/754
f 730/730/730 731/731/731 755/755/755
f 731/731/731 756/756/756 755/755/755
f 731/731/731 732/732/732 756/756/756
f 732/732/732 757/757/757 756/756/756
f 732/732/732 733/733/733 757/757/757
f 733/733/733 758/758/758 757/757/757
f 733/733/733 734/734/734 758/758/758
f 734/734/734 759/759/759 758/758/758
f 734/734/734 735/735/735 759/759/759
f 735/735/735 760/760/760 759/759/759
f 735/735/735 736/736/736 760/760/760
f 736/736/736 761/761/761 760/760/760
f 736/736/736 737/737/737 761/761/761
f 737/737/737 762/762/762 761/761/761
f 737/737/737 738/738/738 762/762/762
f 738/738/738 763/763/763 762/762/762
f 738/738/738 739/739/739 763/763/763
f 739/739/739 764/764/764 763/763/763
f 739/739/739 740/740/740 764/764/764
f 740/740/740 765/765/765 764/764/764
f 740/740/740 741/741/741 765/765/765
f 741/741/741 766/766/766 765/765/765
f 741/741/741 742/742/742 766/766/766
f 742/742/742 767/767/767 766/766/766
f 742/742/742 743/743/743 767/767/767
f 743/743/743 768/768/768 767/767/767
f 743/743/743 744/744/744 768/768/768
f 744/744/744 769/769/769 768/768/768
f 744/744/744 745/745/745 769/769/769
f 745/745/745 770/770/770 769/769/769
f 745/745/745 746/746/746 770/770/770
f 746/746/746 771/771/771 770/770/770
f 746/746/746 747/747/747 771/771/771
f 747/747/747 772/772/772 771/771/771
f 747/747/747 748/748/748 772/772/772
f 748/748/748 773/773/773 772/772/772
f 748/748/748 749/749/749 773/773/773
f 749/749/749 774/774/774 773/773/773
f 749/749/749 750/750/750 774/774/774
f 750/750/750 775/775/775 774/774/774
f 751/751/751 752/752/752 776/776/776
f 752/752/752 777/777/777 776/776/776
f 752/752/752 753/753/753 777/777/777
f 753/753/753 778/778/778 777/777/777
f 753/753/753 754/754/754 778/778/778
f 754/754/754 779/779/779 778/778/778
f 754/754/754 755/755/755 779/779/779
f 755/755/755 780/780/780 779/779/779
f 755/755/755 756/756/756 780/780/780
f 756/756/756 781/781/781 780/780/780
f 756/756/756 757/757/757 781/781/781
f 757/757/757 782/782/782 781/781/781
f 757/757/757 758/758/758 782/782/782
f 758/758/758 783/783/783 782/782/782
f 758/758/758 759/759/759 783/783/783
f 759/759/759 784/784/784 783/783/783
f 759/759/759 760/760/760 784/784/784
f 760/760/760 785/785/785 784/784/784
f 760/760/760 761/761/761 785/785/785
f 761/761/761 786/786/786 785/785/785
f 761/761/761 762/762/762 786/786/786
f 762/762/762 787/787/787 786/786/786
f 762/762/762 763/763/763 787/787/787
f 763/763/763 788/788/788 787/787/787
f 763/763/763 764/764/764 788/788/788
f 764/764/764 789/789/789 788/788/788
f 764/764/764 765/765/765 789/789/789
f 765/765/765 790/790/790 789/789/789
f 765/765/765 766/766/766 790/790/790
f 766/766/766 791/791/791 790/790/790
f 766/766/766 767/767/767 791/791/791
f 767/767/767 792/792/792 791/791/791
f 767/767/767 768/768/768 792/792/792
f 768/768/768 793/793/793 792/792/792
f 768/768/768 769/769/769 793/793/793
f 769/769/769 794/794/794 793/793/793
f 769/769/769 770/770/770 794/794/794
f 770/770/770 795/795/795 794/794/794
f 770/770/770 771/771/771 795/795/795
f 771/771/771 796/796/796 795/795/795
f 771/771/771 772/772/772 796/796/796
f 772/772/772 797/797/797 796/796/796
f 772/772/772 773/773/773 797/797/797
f 773/773/773 798/798/798 797/797/797
f 773/773/773 774/774/774 798/798/798
f 774/774/774 799/799/799 798/798/798
f 774/774/774 775/775/775 799/799/799
f 775/775/775 800/800/800 799/799/799
f 776/776/776 777/777/777 801/801/801
f 777/777/777 802/802/802 801/801/801
f 777/777/777 778/778/778 802/802/802
f 778/778/778 803/803/803 802/802/802
f 778/778/778 779/779/779 803/803/803
f 779/779/779 804/804/804 803/803/803
f 779/779/779 780/780/780 804/804/804
f 780/780/780 805/805/805 804/804/804
f 780/780/780 781/781/781 805/805/805
f 781/781/781 806/806/806 805/805/805
f 781/781/781 782/782/782 806/806/806
f 782/782/782 807/807/807 806/806/806
f 782/782/782 783/783/783 807/807/807
f 783/783/783 808/808/808 807/807/807
f 783/783/783 784/784/784 808/808/808
f 784/784/784 809/809/809 808/808/808
f 784/784/784 785/785/785 809/809/809
f 785/785/785 810/810/810 809/809/809
f 785/785/785 786/786/786 810/810/810
f 786/786/786 811/811/811 810/810/810
f 786/786/786 787/787/787 811/811/811
f 787/787/787 812/812/812 811/811/811
f 787/787/787 788/788/788 812/812/812
f 788/788/788 813/813/813 812/812/812
f 788/788/788 789/789/789 813/813/813
f 789/789/789 814/814/814 813/813/813
f 789/789/789 790/790/790 814/814/814
f 790/790/790 815/815/815 814/814/814
f 790/790/790 791/791/791 815/815/815
f 791/791/791 816/816/816 815/815/815
f 791/791/791 792/792/792 816/816/816
f 792/792/792 817/817/817 816/816/816
f 792/792/792 793/793/793 817/817/817
f 793/793/793 818/818/818 817/817/817
f 793/793/793 794/794/794 818/818/818
f 794/794/794 819/819/819 818/818/818
f 794/794/794 795/795/795 819/819/819
f 795/795/795 820/820/820 819/819/819
f 795/795/795 796/796/796 820/820/820
f 796/796/796 821/821/821 820/820/820
f 796/796/796 797/797/797 821/821/821
f 797/797/797 822/822/822 821/821/821
f 797/797/797 798/798/798 822/822/822
f 798/798/798 823/823/823 822/822/822
f 798/798/798 799/799/799 823/823/823
f 799/799/799 824/824/824 823/823/823
f 799/799/799 800/800/800 824/824/824
f 800/800/800 825/825/825 824/824/824
f 801/801/801 802/802/802 826/826/826
f 802/802/802 827/827/827 826/826/826
f 802/802/802 803/803/803 827/827/827
f 803/803/803 828/828/828 827/827/827
f 803/803/803 804/804/804 828/828/828
f 804/804/804 829/829/829 828/828/828
f 804/804/804 805/805/805 829/829/829
f 805/805/805 830/830/830 829/829/829
f 805/805/805 806/806/806 830/830/830
f 806/806/806 831/831/831 830/830/830
f 806/806/806 807/807/807 831/831/831
f 807/807/807 832/832/832 831/831/831
f 807/807/807 808/808/808 832/832/832
f 808/808/808 833/833/833 832/832/832
f 808/808/808 809/809/809 833/833/833
f 809/809/809 834/834/834 833/833/833
f 809/809/809 810/810/810 834/834/834
f 810/810/810 835/835/835 834/834/834
f 810/810/810 811/811/811 835/835/835
f 811/811/811 836/836/836 835/835/835
f 811/811/811 812/812/812 836/836/836
f 812/812/812 837/837/837 836/836/836
f 812/812/812 813/813/813 837/837/837
f 813/813/813 838/838/838 837/837/837
f 813/813/813 814/814/814 838/838/838
f 814/814/814 839/839/839 838/838/838
f 814/814/814 815/815/815 839/839/839
f 815/815/815 840/840/840 839/839/839
f 815/815/815 816/816/816 840/840/840
f 816/816/816 841/841/841 840/840/840
f 816/816/816 817/817/817 841/841/841
f 817/817/817 842/842/842 841/841/841
f 817/817/817 818/818/818 842/842/842
f 818/818/818 843/843/843 842/842/842
f 818/818/818 819/819/819 843/843/843
f 819/819/819 844/844/844 843/843/843
f 819/819/819 820/820/820 844/844/844
f 820/820/820 845/845/845 844/844/844
f 820/820/820 821/821/821 845/845/845
f 821/821/821 846/846/846 845/845/845
f 821/821/821 822/822/822 846/846/846
f 822/822/822 847/847/847 846/846/846
f 822/822/822 823/823/823 847/847/847
f 823/823/823 848/848/848 847/847/847
f 823/823/823 824/824/824 848/848/848
f 824/824/824 849/849/849 848/848/848
f 824/824/824 825/825/825 849/849/849
f 825/825/825 850/850/850 849/849/849
f 826/826/826 827/827/827 851/851/851
f 827/827/827 852/852/852 851/851/851
f 827/827/827 828/828/828 852/852/852
f 828/828/828 853/853/853 852/852/852
f 828/828/828 829/829/829 853/853/853
f 829/829/829 854/854/854 853/853/853
f 829/829/829 830/830/830 854/854/854
f 830/830/830 855/855/855 854/854/854
f 830/830/830 831/831/831 855/855/855
f 831/831/831 856/856/856 855/855/855
f 831/831/831 832/832/832 856/856/856
f 832/832/832 857/857/857 856/856/856
f 832/832/832 833/833/833 857/857/857
f 833/833/833 858/858/858 857/857/857
f 833/833/833 834/834/834 858/858/858
f 834/834/834 859/859/859 858/858/858
f 834/834/834 835/835/835 859/859/859
f 835/835/835 860/860/860 859/859/859
f 835/835/835 836/836/836 860/860/860
f 836/836/836 861/861/861 860/860/860
f 836/836/836 837/837/837 861/861/861
f 837/837/837 862/862/862 861/861/861
f 837/837/837 838/838/838 862/862/862
f 838/838/838 863/863/863 862/862/862
f 838/838/838 839/839/839 863/863/863
f 839/839/839 864/864/864 863/863/863
f 839/839/839 840/840/840 864/864/864
f 840/840/840 865/865/865 864/864/864
f 840/840/840 841/841/841 865/865/865
f 841/841/841 866/866/866 865/865/865
f 841/841/841 842/842/842 866/866/866
f 842/842/842 867/867/867 866/866/866
f 842/842/842 843/843/843 867/867/867
f 843/843/843 868/868/868 867/867/867
f 843/843/843 844/844/844 868/868/868
f 844/844/844 869/869/869 868/868/868
f 844/844/844 845/845/845 869/869/869
f 845/845/845 870/870/870 869/869/869
f 845/845/845 846/846/846 870/870/870
f 846/846/846 871/871/871 870/870/870
f 846/846/846 847/847/847 871/871/871
f 847/847/847 872/872/872 871/871/871
f 847/847/847 848/848/848 872/872/872
f 848/848/848 873/873/873 872/872/872
f 848/848/848 849/849/849 873/873/873
f 849/849/849 874/874/874 873/873/873
f 849/849/849 850/850/850 874/874/874
f 850/850/850 875/875/875 874/874/874
f 851/851/851 852/852/852 876/876/876
f 852/852/852 877/877/877 876/876/876
f 852/852/852 853/853/853 877/877/877
f 853/853/853 878/878/878 877/877/877
f 853/853/853 854/854/854 878/878/878
f 854/854/854 879/879/879 878/878/878
f 854/854/854 855/855/855 879/879/879
f 855/855/855 880/880/880 879/879/879
f 855/855/855 856/856/856 880/880/880
f 856/856/856 881/881/881 880/880/880
f 856/856/856 857/857/857 881/881/881
f 857/857/857 882/882/882 881/881/881
f 857/857/857 858/858/858 882/882/882
f 858/858/858 883/883/883 882/882/882
f 858/858/858 859/859/859 883/883/883
f 859/859/859 884/884/884 883/883/883
f 859/859/859 860/860/860 884/884/884
f 860/860/860 885/885/885 884/884/884
f 860/860/860 861/861/861 885/885/885
f 861/861/861 886/886/886 885/885/885
f 861/861/861 862/862/862 886/886/886
f 862/862/862 887/887/887 886/886/886
f 862/862/862 863/863/863 887/887/887
f 863/863/863 888/888/888 887/887/887
f 863/863/863 864/864/864 888/888/888
f 864/864/864 889/889/889 888/888/888
f 864/864/864 865/865/865 889/889/889
f 865/865/865 890/890/890 889/889/889
f 865/865/865 866/866/866 890/890/890
f 866/866/866 891/891/891 890/890/890
f 866/866/866 867/867/867 891/891/891
f 867/867/867 892/892/892 891/891/891
f 867/867/867 868/868/868 892/892/892
f 868/868/868 893/893/893 892/892/892
f 868/868/868 869/869/869 893/893/893
f 869/869/869 894/894/894 893/893/893
f 869/869/869 870/870/870 894/894/894
f 870/870/870 895/895/895 894/894/894
f 870/870/870 871/871/871 895/895/895
f 871/871/871 896/896/896 895/895/895
f 871/871/871 872/872/872 896/896/896
f 872/872/872 897/897/897 896/896/896
f 872/872/872 873/873/873 897/897/897
f 873/873/873 898/898/898 897/897/897
f 873/873/873 874/874/874 898/898/898
f 874/874/874 899/899/899 898/898/898
f 874/874/874 875/875/875 899/899/899
f 875/875/875 900/900/900 899/899/899
o mano
usemtl piel
v 0.01 0.6552000004798174 0.02
v 0.01 0.6552000004798174 0.02
v 0.01 0.6552000004798174 0.02
v 0.01 0.6552000004798174 0.02
v 0.01 0.6552000004798174 0.02
v 0.01 0.6552000004798174 0.02
v 0.01 0.6552000004798174 0.02
v 0.01 0.6552000004798174 0.02
v 0.01 0.6552000004798174 0.02
v 0.01 0.6552000004798174 0.02
v 0.01 0.6552000004798174 0.02
v 0.01 0.6552000004798174 0.02
v 0.01 0.6552000004798174 0.02
v 0.01 0.6552000004798174 0.02
v 0.01 0.6552000004798174 0.02
v 0.01 0.6552000004798174 0.02
v 0.01 0.6552000004798174 0.02
v 0.01 0.6552000004798174 0.02
v 0.01 0.6552000004798174 0.02
v 0.01 0.6552000004798174 0.02
v 0.01 0.6552000004798174 0.02
v 0.01 0.6552000004798174 0.02
v 0.01 0.6552000004798174 0.02
v 0.01 0.6552000004798174 0.02
v 0.01 0.6552000004798174 0.02
v 0.0024983986653387543 0.654361386783421 0.02
v 0.0027540098316967488 0.654361386783421 0.02140223577618599
v 0.003503422802314162 0.654361386783421 0.022708911593072117
v 0.004695567060261965 0.654361386783421 0.02383097934536636
v 0.006249199332669377 0.654361386783421 0.024691972420550885
v 0.008058442771434785 0.654361386783421 0.025233215121552348
v 0.01 0.654361386783421 0.025417823186144235
v 0.011941557228565216 0.654361386783421 0.025233215121552348
v 0.013750800667330624 0.654361386783421 0.024691972420550885
v 0.015304432939738035 0.654361386783421 0.02383097934536636
v 0.01649657719768584 0.654361386783421 0.022708911593072117
v 0.017245990168303253 0.654361386783421 0.02140223577618599
v 0.017501601334661245 0.654361386783421 0.02
v 0.017245990168303253 0.654361386783421 0.01859776422381401
v 0.01649657719768584 0.654361386783421 0.017291088406927883
v 0.015304432939738035 0.654361386783421 0.01616902065463364
v 0.013750800667330624 0.654361386783421 0.015308027579449117
v 0.011941557228565216 0.654361386783421 0.014766784878447653
v 0.010000000000000002 0.654361386783421 0.014582176813855766
v 0.008058442771434785 0.654361386783421 0.014766784878447653
v 0.006249199332669377 0.654361386783421 0.015308027579449117
v 0.004695567060261965 0.654361386783421 0.01616902065463364
v 0.003503422802314162 0.654361386783421 0.017291088406927883
v 0.0027540098316967488 0.654361386783421 0.01859776422381401
v 0.0024983986653387543 0.654361386783421 0.02
v -0.004775270223617553 0.6518710317090154 0.02
v -0.004271814562380315 0.6518710317090154 0.022761865430511535
v -0.002795759737491608 0.6518710317090154 0.02533551424741745
v -0.00044769361615180914 0.6518710317090154 0.027545556500554087
v 0.0026123648881912235 0.6518710317090154 0.02924138203263283
v 0.006175878634676337 0.6518710317090154 0.030307421628385782
v 0.009999999999999998 0.6518710317090154 0.030671028494834898
v 0.013824121365323664 0.6518710317090154 0.030307421628385782
v 0.017387635111808776 0.6518710317090154 0.02924138203263283
v 0.02044769361615181 0.6518710317090154 0.027545556500554087
v 0.022795759737491608 0.6518710317090154 0.02533551424741745
v 0.024271814562380315 0.6518710317090154 0.022761865430511535
v 0.024775270223617554 0.6518710317090154 0.02
v 0.024271814562380315 0.6518710317090154 0.017238134569488466
v 0.022795759737491608 0.6518710317090154 0.01466448575258255
v 0.02044769361615181 0.6518710317090154 0.012454443499445914
v 0.017387635111808776 0.6518710317090154 0.010758617967367172
v 0.013824121365323664 0.6518710317090154 0.009692578371614217
v 0.010000000000000004 0.6518710317090154 0.0093289715051651
v 0.006175878634676337 0.6518710317090154 0.009692578371614217
v 0.0026123648881912235 0.6518710317090154 0.010758617967367172
v -0.00044769361615180914 0.6518710317090154 0.012454443499445914
v -0.002795759737491608 0.6518710317090154 0.01466448575258255
v -0.004271814562380315 0.6518710317090154 0.017238134569488466
v -0.004775270223617553 0.6518710317090154 0.019999999999999997
v -0.011600000187754632 0.6478046007454396 0.02
v -0.010863998681306839 0.6478046007454396 0.024037577100098136
v -0.008706148117780687 0.6478046007454396 0.027800000067800285
v -0.005273505635559559 0.6478046007454396 0.03103086518123746
v -0.000800000093877316 0.6478046007454396 0.033509995862841604
v 0.004409508630633354 0.6478046007454396 0.03506844349205494
v 0.009999999999999998 0.6478046007454396 0.035600000135600565
v 0.015590491369366646 0.6478046007454396 0.03506844349205494
v 0.020800000093877315 0.6478046007454396 0.033509995862841604
v 0.025273505635559558 0.6478046007454396 0.03103086518123746
v 0.02870614811778069 0.6478046007454396 0.027800000067800285
v 0.03086399868130684 0.6478046007454396 0.024037577100098136
v 0.031600000187754634 0.6478046007454396 0.020000000000000004
v 0.03086399868130684 0.6478046007454396 0.015962422899901865
v 0.02870614811778069 0.6478046007454396 0.012199999932199716
v 0.025273505635559558 0.6478046007454396 0.00896913481876254
v 0.020800000093877315 0.6478046007454396 0.006490004137158395
v 0.015590491369366646 0.6478046007454396 0.004931556507945061
v 0.010000000000000004 0.6478046007454396 0.004399999864399432
v 0.004409508630633354 0.6478046007454396 0.004931556507945061
v -0.000800000093877316 0.6478046007454396 0.006490004137158395
v -0.005273505635559559 0.6478046007454396 0.00896913481876254
v -0.008706148117780687 0.6478046007454396 0.012199999932199716
v -0.010863998681306839 0.6478046007454396 0.015962422899901865
v -0.011600000187754632 0.6478046007454396 0.019999999999999997
v -0.01776842545717955 0.6422856511548162 0.02
v -0.016822239346802235 0.6422856511548162 0.02519060930237174
v -0.014048161320388318 0.6422856511548162 0.030027486970648172
v -0.009635241851210596 0.6422856511548162 0.0341810080036521
v -0.0038842127285897733 0.6422856511548162 0.03736811650916934
v 0.00281300250440836 0.6422856511548162 0.039371617306023836
v 0.009999999999999998 0.6422856511548162 0.04005497394129634
v 0.01718699749559164 0.6422856511548162 0.039371617306023836
v 0.023884212728589774 0.6422856511548162 0.03736811650916934
v 0.029635241851210595 0.6422856511548162 0.0341810080036521
v 0.03404816132038832 0.6422856511548162 0.030027486970648172
v 0.03682223934680223 0.6422856511548162 0.02519060930237174
v 0.037768425457179546 0.6422856511548162 0.020000000000000004
v 0.03682223934680223 0.6422856511548162 0.01480939069762826
v 0.03404816132038832 0.6422856511548162 0.00997251302935183
v 0.029635241851210595 0.6422856511548162 0.005818991996347904
v 0.023884212728589774 0.6422856511548162 0.002631883490830659
v 0.01718699749559164 0.6422856511548162 0.000628382693976165
v 0.010000000000000005 0.6422856511548162 -0.00005497394129633931
v 0.00281300250440836 0.6422856511548162 0.000628382693976165
v -0.0038842127285897733 0.6422856511548162 0.002631883490830659
v -0.009635241851210596 0.6422856511548162 0.005818991996347904
v -0.014048161320388318 0.6422856511548162 0.00997251302935183
v -0.016822239346802235 0.6422856511548162 0.01480939069762826
v -0.01776842545717955 0.6422856511548162 0.019999999999999997
v -0.02309311829507351 0.6354818769730627 0.02
v -0.021965500861406327 0.6354818769730627 0.026185927148908376
v -0.018659483790397648 0.6354818769730627 0.03195029271766543
v -0.01340036928653717 0.6354818769730627 0.03690026670694351
v -0.006546559147536756 0.6354818769730627 0.040698516070842745
v 0.0014348701015114776 0.6354818769730627 0.043086195066571235
v 0.009999999999999998 0.6354818769730627 0.04390058543533087
v 0.018565129898488523 0.6354818769730627 0.043086195066571235
v 0.026546559147536758 0.6354818769730627 0.040698516070842745
v 0.03340036928653717 0.6354818769730627 0.03690026670694351
v 0.038659483790397645 0.6354818769730627 0.03195029271766543
v 0.04196550086140633 0.6354818769730627 0.026185927148908376
v 0.043093118295073514 0.6354818769730627 0.020000000000000004
v 0.04196550086140633 0.6354818769730627 0.013814072851091624
v 0.038659483790397645 0.6354818769730627 0.008049707282334567
v 0.03340036928653717 0.6354818769730627 0.003099733293056489
v 0.026546559147536758 0.6354818769730627 -0.0006985160708427446
v 0.018565129898488523 0.6354818769730627 -0.0030861950665712345
v 0.010000000000000007 0.6354818769730627 -0.0039005854353308667
v 0.0014348701015114776 0.6354818769730627 -0.0030861950665712345
v -0.006546559147536756 0.6354818769730627 -0.0006985160708427446
v -0.01340036928653717 0.6354818769730627 0.003099733293056489
v -0.018659483790397648 0.6354818769730627 0.008049707282334567
v -0.021965500861406327 0.6354818769730627 0.013814072851091624
v -0.02309311829507351 0.6354818769730627 0.019999999999999993
v -0.02741229623556137 0.6276000002399087 0.02
v -0.02613750599324703 0.6276000002399087 0.026993288686499
v -0.02239999860525131 0.6276000002399087 0.033509995862841604
v -0.01645449005067349 0.6276000002399087 0.039106020592153075
v -0.008706148117780687 0.6276000002399087 0.0433999989926815
v 0.0003169848956167693 0.6276000002399087 0.046099309884011744
v 0.009999999999999998 0.6276000002399087 0.04701999172568321
v 0.01968301510438323 0.6276000002399087 0.046099309884011744
v 0.02870614811778069 0.6276000002399087 0.0433999989926815
v 0.036454490050673485 0.6276000002399087 0.039106020592153075
v 0.042399998605251316 0.6276000002399087 0.033509995862841604
v 0.046137505993247035 0.6276000002399087 0.026993288686499
v 0.047412296235561376 0.6276000002399087 0.020000000000000004
v 0.046137505993247035 0.6276000002399087 0.013006711313501
v 0.042399998605251316 0.6276000002399087 0.006490004137158395
v 0.036454490050673485 0.6276000002399087 0.000893979407846926
v 0.02870614811778069 0.6276000002399087 -0.0033999989926815043
v 0.01968301510438323 0.6276000002399087 -0.006099309884011746
v 0.010000000000000007 0.6276000002399087 -0.007019991725683211
v 0.0003169848956167693 0.6276000002399087 -0.006099309884011746
v -0.008706148117780687 0.6276000002399087 -0.0033999989926815043
v -0.01645449005067349 0.6276000002399087 0.000893979407846926
v -0.02239999860525131 0.6276000002399087 0.006490004137158395
v -0.02613750599324703 0.6276000002399087 0.013006711313501
v -0.02741229623556137 0.6276000002399087 0.019999999999999993
v -0.030594720467925073 0.6188795119524002 0.02
v -0.029211488515138627 0.6188795119524002 0.02758816292509437
v -0.02515605889260769 0.6188795119524002 0.034659204613417385
v -0.018704803064465522 0.6188795119524002 0.04073124665766954
v -0.010297360233962537 0.6188795119524002 0.04539048697799444
v -0.0005066871270537378 0.6188795119524002 0.04831940837204456
v 0.009999999999999998 0.6188795119524002 0.049318409226834774
v 0.020506687127053738 0.6188795119524002 0.04831940837204456
v 0.03029736023396254 0.6188795119524002 0.04539048697799444
v 0.038704803064465526 0.6188795119524002 0.04073124665766954
v 0.045156058892607695 0.6188795119524002 0.034659204613417385
v 0.04921148851513863 0.6188795119524002 0.02758816292509437
v 0.050594720467925076 0.6188795119524002 0.020000000000000004
v 0.04921148851513863 0.6188795119524002 0.012411837074905634
v 0.045156058892607695 0.6188795119524002 0.005340795386582614
v 0.038704803064465526 0.6188795119524002 -0.0007312466576695452
v 0.03029736023396254 0.6188795119524002 -0.005390486977994442
v 0.020506687127053738 0.6188795119524002 -0.008319408372044562
v 0.010000000000000007 0.6188795119524002 -0.009318409226834773
v -0.0005066871270537378 0.6188795119524002 -0.008319408372044562
v -0.010297360233962537 0.6188795119524002 -0.005390486977994442
v -0.018704803064465522 0.6188795119524002 -0.0007312466576695452
v -0.02515605889260769 0.6188795119524002 0.005340795386582614
v -0.029211488515138627 0.6188795119524002 0.012411837074905634
v -0.030594720467925073 0.6188795119524002 0.019999999999999993
v -0.032543694004416465 0.6095853794831783 0.02
v -0.031094053909182545 0.6095853794831783 0.02795247443020344
v -0.02684391938149929 0.6095853794831783 0.03536300061270595
v -0.020082935467362402 0.6095853794831783 0.041726564504206184
v -0.011271847002208233 0.6095853794831783 0.04660949733108282
v -0.0010111184418201448 0.6095853794831783 0.04967903893440962
v 0.009999999999999997 0.6095853794831783 0.05072600122541189
v 0.021011118441820145 0.6095853794831783 0.04967903893440962
v 0.03127184700220823 0.6095853794831783 0.04660949733108282
v 0.040082935467362406 0.6095853794831783 0.041726564504206184
v 0.046843919381499295 0.6095853794831783 0.03536300061270595
v 0.05109405390918255 0.6095853794831783 0.02795247443020344
v 0.05254369400441647 0.6095853794831783 0.020000000000000004
v 0.05109405390918255 0.6095853794831783 0.012047525569796562
v 0.046843919381499295 0.6095853794831783 0.004636999387294054
v 0.040082935467362406 0.6095853794831783 -0.0017265645042061802
v 0.03127184700220823 0.6095853794831783 -0.00660949733108282
v 0.021011118441820145 0.6095853794831783 -0.00967903893440962
v 0.010000000000000009 0.6095853794831783 -0.010726001225411893
v -0.0010111184418201448 0.6095853794831783 -0.00967903893440962
v -0.011271847002208233 0.6095853794831783 -0.00660949733108282
v -0.020082935467362402 0.6095853794831783 -0.0017265645042061802
v -0.02684391938149929 0.6095853794831783 0.004636999387294054
v -0.031094053909182545 0.6095853794831783 0.012047525569796562
v -0.032543694004416465 0.6095853794831783 0.019999999999999993
v -0.03320000037550926 0.6 0.02
v -0.031727997362613676 0.6 0.028075154200196267
v -0.02741229623556137 0.6 0.035600000135600565
v -0.020547011271119117 0.6 0.04206173036247492
v -0.011600000187754632 0.6 0.04701999172568321
v -0.0011809827387332921 0.6 0.05013688698410988
v 0.009999999999999997 0.6 0.05120000027120114
v 0.02118098273873329 0.6 0.05013688698410988
v 0.031600000187754634 0.6 0.04701999172568321
v 0.04054701127111912 0.6 0.04206173036247492
v 0.047412296235561376 0.6 0.035600000135600565
v 0.05172799736261368 0.6 0.028075154200196267
v 0.05320000037550927 0.6 0.020000000000000004
v 0.05172799736261368 0.6 0.011924845799803734
v 0.047412296235561376 0.6 0.004399999864399432
v 0.04054701127111912 0.6 -0.0020617303624749193
v 0.031600000187754634 0.6 -0.007019991725683211
v 0.02118098273873329 0.6 -0.010136886984109878
v 0.010000000000000009 0.6 -0.011200000271201136
v -0.0011809827387332921 0.6 -0.010136886984109878
v -0.011600000187754632 0.6 -0.007019991725683211
v -0.020547011271119117 0.6 -0.0020617303624749193
v -0.02741229623556137 0.6 0.004399999864399432
v -0.031727997362613676 0.6 0.011924845799803734
v -0.03320000037550926 0.6 0.019999999999999993
v -0.032543694004416465 0.5904146205168217 0.02
v -0.031094053909182545 0.5904146205168217 0.02795247443020344
v -0.02684391938149929 0.5904146205168217 0.03536300061270595
v -0.020082935467362402 0.5904146205168217 0.041726564504206184
v -0.011271847002208233 0.5904146205168217 0.04660949733108282
v -0.0010111184418201448 0.5904146205168217 0.04967903893440962
v 0.009999999999999997 0.5904146205168217 0.05072600122541189
v 0.021011118441820145 0.5904146205168217 0.04967903893440962
v 0.03127184700220823 0.5904146205168217 0.04660949733108282
v 0.040082935467362406 0.5904146205168217 0.041726564504206184
v 0.046843919381499295 0.5904146205168217 0.03536300061270595
v 0.05109405390918255 0.5904146205168217 0.02795247443020344
v 0.05254369400441647 0.5904146205168217 0.020000000000000004
v 0.05109405390918255 0.5904146205168217 0.012047525569796562
v 0.046843919381499295 0.5904146205168217 0.004636999387294054
v 0.040082935467362406 0.5904146205168217 -0.0017265645042061802
v 0.03127184700220823 0.5904146205168217 -0.00660949733108282
v 0.021011118441820145 0.5904146205168217 -0.00967903893440962
v 0.010000000000000009 0.5904146205168217 -0.010726001225411893
v -0.0010111184418201448 0.5904146205168217 -0.00967903893440962
v -0.011271847002208233 0.5904146205168217 -0.00660949733108282
v -0.020082935467362402 0.5904146205168217 -0.0017265645042061802
v -0.02684391938149929 0.5904146205168217 0.004636999387294054
v -0.031094053909182545 0.5904146205168217 0.012047525569796562
v -0.032543694004416465 0.5904146205168217 0.019999999999999993
v -0.030594720467925073 0.5811204880475997 0.02
v -0.029211488515138627 0.5811204880475997 0.02758816292509437
v -0.02515605889260769 0.5811204880475997 0.034659204613417385
v -0.018704803064465522 0.5811204880475997 0.04073124665766954
v -0.010297360233962537 0.5811204880475997 0.04539048697799444
v -0.0005066871270537378 0.5811204880475997 0.04831940837204456
v 0.009999999999999998 0.5811204880475997 0.049318409226834774
v 0.020506687127053738 0.5811204880475997 0.04831940837204456
v 0.03029736023396254 0.5811204880475997 0.04539048697799444
v 0.038704803064465526 0.5811204880475997 0.04073124665766954
v 0.045156058892607695 0.5811204880475997 0.034659204613417385
v 0.04921148851513863 0.5811204880475997 0.02758816292509437
v 0.050594720467925076 0.5811204880475997 0.020000000000000004
v 0.04921148851513863 0.5811204880475997 0.012411837074905634
v 0.045156058892607695 0.5811204880475997 0.005340795386582614
v 0.038704803064465526 0.5811204880475997 -0.0007312466576695452
v 0.03029736023396254 0.5811204880475997 -0.005390486977994442
v 0.020506687127053738 0.5811204880475997 -0.008319408372044562
v 0.010000000000000007 0.5811204880475997 -0.009318409226834773
v -0.0005066871270537378 0.5811204880475997 -0.008319408372044562
v -0.010297360233962537 0.5811204880475997 -0.005390486977994442
v -0.018704803064465522 0.5811204880475997 -0.0007312466576695452
v -0.02515605889260769 0.5811204880475997 0.005340795386582614
v -0.029211488515138627 0.5811204880475997 0.012411837074905634
v -0.030594720467925073 0.5811204880475997 0.019999999999999993
v -0.02741229623556137 0.5723999997600913 0.02
v -0.02613750599324703 0.5723999997600913 0.026993288686499
v -0.02239999860525131 0.5723999997600913 0.033509995862841604
v -0.01645449005067349 0.5723999997600913 0.039106020592153075
v -0.008706148117780687 0.5723999997600913 0.0433999989926815
v 0.0003169848956167693 0.5723999997600913 0.046099309884011744
v 0.009999999999999998 0.5723999997600913 0.04701999172568321
v 0.01968301510438323 0.5723999997600913 0.046099309884011744
v 0.02870614811778069 0.5723999997600913 0.0433999989926815
v 0.036454490050673485 0.5723999997600913 0.039106020592153075
v 0.042399998605251316 0.5723999997600913 0.033509995862841604
v 0.046137505993247035 0.5723999997600913 0.026993288686499
v 0.047412296235561376 0.5723999997600913 0.020000000000000004
v 0.046137505993247035 0.5723999997600913 0.013006711313501
v 0.042399998605251316 0.5723999997600913 0.006490004137158395
v 0.036454490050673485 0.5723999997600913 0.000893979407846926
v 0.02870614811778069 0.5723999997600913 -0.0033999989926815043
v 0.01968301510438323 0.5723999997600913 -0.006099309884011746
v 0.010000000000000007 0.5723999997600913 -0.007019991725683211
v 0.0003169848956167693 0.5723999997600913 -0.006099309884011746
v -0.008706148117780687 0.5723999997600913 -0.0033999989926815043
v -0.01645449005067349 0.5723999997600913 0.000893979407846926
v -0.02239999860525131 0.5723999997600913 0.006490004137158395
v -0.02613750599324703 0.5723999997600913 0.013006711313501
v -0.02741229623556137 0.5723999997600913 0.019999999999999993
v -0.02309311829507351 0.5645181230269373 0.02
v -0.021965500861406327 0.5645181230269373 0.026185927148908376
v -0.018659483790397648 0.5645181230269373 0.03195029271766543
v -0.01340036928653717 0.5645181230269373 0.03690026670694351
v -0.006546559147536756 0.5645181230269373 0.040698516070842745
v 0.0014348701015114776 0.5645181230269373 0.043086195066571235
v 0.009999999999999998 0.5645181230269373 0.04390058543533087
v 0.018565129898488523 0.5645181230269373 0.043086195066571235
v 0.026546559147536758 0.5645181230269373 0.040698516070842745
v 0.03340036928653717 0.5645181230269373 0.03690026670694351
v 0.038659483790397645 0.5645181230269373 0.03195029271766543
v 0.04196550086140633 0.5645181230269373 0.026185927148908376
v 0.043093118295073514 0.5645181230269373 0.020000000000000004
v 0.04196550086140633 0.5645181230269373 0.013814072851091624
v 0.038659483790397645 0.5645181230269373 0.008049707282334567
v 0.03340036928653717 0.5645181230269373 0.003099733293056489
v 0.026546559147536758 0.5645181230269373 -0.0006985160708427446
v 0.018565129898488523 0.5645181230269373 -0.0030861950665712345
v 0.010000000000000007 0.5645181230269373 -0.0039005854353308667
v 0.0014348701015114776 0.5645181230269373 -0.0030861950665712345
v -0.006546559147536756 0.5645181230269373 -0.0006985160708427446
v -0.01340036928653717 0.5645181230269373 0.003099733293056489
v -0.018659483790397648 0.5645181230269373 0.008049707282334567
v -0.021965500861406327 0.5645181230269373 0.013814072851091624
v -0.02309311829507351 0.5645181230269373 0.019999999999999993
v -0.01776842545717955 0.5577143488451838 0.02
v -0.016822239346802235 0.5577143488451838 0.02519060930237174
v -0.014048161320388318 0.5577143488451838 0.030027486970648172
v -0.009635241851210596 0.5577143488451838 0.0341810080036521
v -0.0038842127285897733 0.5577143488451838 0.03736811650916934
v 0.00281300250440836 0.5577143488451838 0.039371617306023836
v 0.009999999999999998 0.5577143488451838 0.04005497394129634
v 0.01718699749559164 0.5577143488451838 0.039371617306023836
v 0.023884212728589774 0.5577143488451838 0.03736811650916934
v 0.029635241851210595 0.5577143488451838 0.0341810080036521
v 0.03404816132038832 0.5577143488451838 0.030027486970648172
v 0.03682223934680223 0.5577143488451838 0.02519060930237174
v 0.037768425457179546 0.5577143488451838 0.020000000000000004
v 0.03682223934680223 0.5577143488451838 0.01480939069762826
v 0.03404816132038832 0.5577143488451838 0.00997251302935183
v 0.029635241851210595 0.5577143488451838 0.005818991996347904
v 0.023884212728589774 0.5577143488451838 0.002631883490830659
v 0.01718699749559164 0.5577143488451838 0.000628382693976165
v 0.010000000000000005 0.5577143488451838 -0.00005497394129633931
v 0.00281300250440836 0.5577143488451838 0.000628382693976165
v -0.0038842127285897733 0.5577143488451838 0.002631883490830659
v -0.009635241851210596 0.5577143488451838 0.005818991996347904
v -0.014048161320388318 0.5577143488451838 0.00997251302935183
v -0.016822239346802235 0.5577143488451838 0.01480939069762826
v -0.01776842545717955 0.5577143488451838 0.019999999999999997
v -0.011600000187754632 0.5521953992545604 0.02
v -0.010863998681306839 0.5521953992545604 0.024037577100098136
v -0.008706148117780687 0.5521953992545604 0.027800000067800285
v -0.005273505635559559 0.5521953992545604 0.03103086518123746
v -0.000800000093877316 0.5521953992545604 0.033509995862841604
v 0.004409508630633354 0.5521953992545604 0.03506844349205494
v 0.009999999999999998 0.5521953992545604 0.035600000135600565
v 0.015590491369366646 0.5521953992545604 0.03506844349205494
v 0.020800000093877315 0.5521953992545604 0.033509995862841604
v 0.025273505635559558 0.5521953992545604 0.03103086518123746
v 0.02870614811778069 0.5521953992545604 0.027800000067800285
v 0.03086399868130684 0.5521953992545604 0.024037577100098136
v 0.031600000187754634 0.5521953992545604 0.020000000000000004
v 0.03086399868130684 0.5521953992545604 0.015962422899901865
v 0.02870614811778069 0.5521953992545604 0.012199999932199716
v 0.025273505635559558 0.5521953992545604 0.00896913481876254
v 0.020800000093877315 0.5521953992545604 0.006490004137158395
v 0.015590491369366646 0.5521953992545604 0.004931556507945061
v 0.010000000000000004 0.5521953992545604 0.004399999864399432
v 0.004409508630633354 0.5521953992545604 0.004931556507945061
v -0.000800000093877316 0.5521953992545604 0.006490004137158395
v -0.005273505635559559 0.5521953992545604 0.00896913481876254
v -0.008706148117780687 0.5521953992545604 0.012199999932199716
v -0.010863998681306839 0.5521953992545604 0.015962422899901865
v -0.011600000187754632 0.5521953992545604 0.019999999999999997
v -0.004775270223617553 0.5481289682909846 0.02
v -0.004271814562380315 0.5481289682909846 0.022761865430511535
v -0.002795759737491608 0.5481289682909846 0.02533551424741745
v -0.00044769361615180914 0.5481289682909846 0.027545556500554087
v 0.0026123648881912235 0.5481289682909846 0.02924138203263283
v 0.006175878634676337 0.5481289682909846 0.030307421628385782
v 0.009999999999999998 0.5481289682909846 0.030671028494834898
v 0.013824121365323664 0.5481289682909846 0.030307421628385782
v 0.017387635111808776 0.5481289682909846 0.02924138203263283
v 0.02044769361615181 0.5481289682909846 0.027545556500554087
v 0.022795759737491608 0.5481289682909846 0.02533551424741745
v 0.024271814562380315 0.5481289682909846 0.022761865430511535
v 0.024775270223617554 0.5481289682909846 0.02
v 0.024271814562380315 0.5481289682909846 0.017238134569488466
v 0.022795759737491608 0.5481289682909846 0.01466448575258255
v 0.02044769361615181 0.5481289682909846 0.012454443499445914
v 0.017387635111808776 0.5481289682909846 0.010758617967367172
v 0.013824121365323664 0.5481289682909846 0.009692578371614217
v 0.010000000000000004 0.5481289682909846 0.0093289715051651
v 0.006175878634676337 0.5481289682909846 0.009692578371614217
v 0.0026123648881912235 0.5481289682909846 0.010758617967367172
v -0.00044769361615180914 0.5481289682909846 0.012454443499445914
v -0.002795759737491608 0.5481289682909846 0.01466448575258255
v -0.004271814562380315 0.5481289682909846 0.017238134569488466
v -0.004775270223617553 0.5481289682909846 0.019999999999999997
v 0.0024983986653387543 0.5456386132165789 0.02
v 0.0027540098316967488 0.5456386132165789 0.02140223577618599
v 0.003503422802314162 0.5456386132165789 0.022708911593072117
v 0.004695567060261965 0.5456386132165789 0.02383097934536636
v 0.006249199332669377 0.5456386132165789 0.024691972420550885
v 0.008058442771434785 0.5456386132165789 0.025233215121552348
v 0.01 0.5456386132165789 0.025417823186144235
v 0.011941557228565216 0.5456386132165789 0.025233215121552348
v 0.013750800667330624 0.5456386132165789 0.024691972420550885
v 0.015304432939738035 0.5456386132165789 0.02383097934536636
v 0.01649657719768584 0.5456386132165789 0.022708911593072117
v 0.017245990168303253 0.5456386132165789 0.02140223577618599
v 0.017501601334661245 0.5456386132165789 0.02
v 0.017245990168303253 0.5456386132165789 0.01859776422381401
v 0.01649657719768584 0.5456386132165789 0.017291088406927883
v 0.015304432939738035 0.5456386132165789 0.01616902065463364
v 0.013750800667330624 0.5456386132165789 0.015308027579449117
v 0.011941557228565216 0.5456386132165789 0.014766784878447653
v 0.010000000000000002 0.5456386132165789 0.014582176813855766
v 0.008058442771434785 0.5456386132165789 0.014766784878447653
v 0.006249199332669377 0.5456386132165789 0.015308027579449117
v 0.004695567060261965 0.5456386132165789 0.01616902065463364
v 0.003503422802314162 0.5456386132165789 0.017291088406927883
v 0.0027540098316967488 0.5456386132165789 0.01859776422381401
v 0.0024983986653387543 0.5456386132165789 0.02
v 0.009999999999999995 0.5447999995201825 0.02
v 0.009999999999999995 0.5447999995201825 0.02
v 0.009999999999999995 0.5447999995201825 0.020000000000000004
v 0.009999999999999997 0.5447999995201825 0.020000000000000004
v 0.009999999999999997 0.5447999995201825 0.020000000000000004
v 0.009999999999999998 0.5447999995201825 0.020000000000000004
v 0.01 0.5447999995201825 0.020000000000000004
v 0.010000000000000002 0.5447999995201825 0.020000000000000004
v 0.010000000000000004 0.5447999995201825 0.020000000000000004
v 0.010000000000000004 0.5447999995201825 0.020000000000000004
v 0.010000000000000005 0.5447999995201825 0.020000000000000004
v 0.010000000000000005 0.5447999995201825 0.02
v 0.010000000000000005 0.5447999995201825 0.02
v 0.010000000000000005 0.5447999995201825 0.02
v 0.010000000000000005 0.5447999995201825 0.019999999999999997
v 0.010000000000000004 0.5447999995201825 0.019999999999999997
v 0.010000000000000004 0.5447999995201825 0.019999999999999997
v 0.010000000000000002 0.5447999995201825 0.019999999999999997
v 0.01 0.5447999995201825 0.019999999999999997
v 0.009999999999999998 0.5447999995201825 0.019999999999999997
v 0.009999999999999997 0.5447999995201825 0.019999999999999997
v 0.009999999999999997 0.5447999995201825 0.019999999999999997
v 0.009999999999999995 0.5447999995201825 0.019999999999999997
v 0.009999999999999995 0.5447999995201825 0.02
v 0.009999999999999995 0.5447999995201825 0.02
vt 0.02083333395421505 1
vt 0.0625 1
vt 0.1041666641831398 1
vt 0.1458333283662796 1
vt 0.1875 1
vt 0.2291666716337204 1
vt 0.2708333432674408 1
vt 0.3125 1
vt 0.3541666567325592 1
vt 0.3958333432674408 1
vt 0.4375 1
vt 0.4791666567325592 1
vt 0.5208333134651184 1
vt 0.5625 1
vt 0.6041666865348816 1
vt 0.6458333134651184 1
vt 0.6875 1
vt 0.7291666865348816 1
vt 0.7708333134651184 1
vt 0.8125 1
vt 0.8541666865348816 1
vt 0.8958333134651184 1
vt 0.9375 1
vt 0.9791666865348816 1
vt 1.0208333730697632 1
vt 0 0.9444444179534912
vt 0.0416666679084301 0.9444444179534912
vt 0.0833333358168602 0.9444444179534912
vt 0.125 0.9444444179534912
vt 0.1666666716337204 0.9444444179534912
vt 0.2083333283662796 0.9444444179534912
vt 0.25 0.9444444179534912
vt 0.2916666567325592 0.9444444179534912
vt 0.3333333432674408 0.9444444179534912
vt 0.375 0.9444444179534912
vt 0.4166666567325592 0.9444444179534912
vt 0.4583333432674408 0.9444444179534912
vt 0.5 0.9444444179534912
vt 0.5416666865348816 0.9444444179534912
vt 0.5833333134651184 0.9444444179534912
vt 0.625 0.9444444179534912
vt 0.6666666865348816 0.9444444179534912
vt 0.7083333134651184 0.9444444179534912
vt 0.75 0.9444444179534912
vt 0.7916666865348816 0.9444444179534912
vt 0.8333333134651184 0.9444444179534912
vt 0.875 0.9444444179534912
vt 0.9166666865348816 0.9444444179534912
vt 0.9583333134651184 0.9444444179534912
vt 1 0.9444444179534912
vt 0 0.8888888955116272
vt 0.0416666679084301 0.8888888955116272
vt 0.0833333358168602 0.8888888955116272
vt 0.125 0.8888888955116272
vt 0.1666666716337204 0.8888888955116272
vt 0.2083333283662796 0.8888888955116272
vt 0.25 0.8888888955116272
vt 0.2916666567325592 0.8888888955116272
vt 0.3333333432674408 0.8888888955116272
vt 0.375 0.8888888955116272
vt 0.4166666567325592 0.8888888955116272
vt 0.4583333432674408 0.8888888955116272
vt 0.5 0.8888888955116272
vt 0.5416666865348816 0.8888888955116272
vt 0.5833333134651184 0.8888888955116272
vt 0.625 0.8888888955116272
vt 0.6666666865348816 0.8888888955116272
vt 0.7083333134651184 0.8888888955116272
vt 0.75 0.8888888955116272
vt 0.7916666865348816 0.8888888955116272
vt 0.8333333134651184 0.8888888955116272
vt 0.875 0.8888888955116272
vt 0.9166666865348816 0.8888888955116272
vt 0.9583333134651184 0.8888888955116272
vt 1 0.8888888955116272
vt 0 0.8333333134651184
vt 0.0416666679084301 0.8333333134651184
vt 0.0833333358168602 0.8333333134651184
vt 0.125 0.8333333134651184
vt 0.1666666716337204 0.8333333134651184
vt 0.2083333283662796 0.8333333134651184
vt 0.25 0.8333333134651184
vt 0.2916666567325592 0.8333333134651184
vt 0.3333333432674408 0.8333333134651184
vt 0.375 0.8333333134651184
vt 0.4166666567325592 0.8333333134651184
vt 0.4583333432674408 0.8333333134651184
vt 0.5 0.8333333134651184
vt 0.5416666865348816 0.8333333134651184
vt 0.5833333134651184 0.8333333134651184
vt 0.625 0.8333333134651184
vt 0.6666666865348816 0.8333333134651184
vt 0.7083333134651184 0.8333333134651184
vt 0.75 0.8333333134651184
vt 0.7916666865348816 0.8333333134651184
vt 0.8333333134651184 0.8333333134651184
vt 0.875 0.8333333134651184
vt 0.9166666865348816 0.8333333134651184
vt 0.9583333134651184 0.8333333134651184
vt 1 0.8333333134651184
vt 0 0.7777777910232544
vt 0.0416666679084301 0.7777777910232544
vt 0.0833333358168602 0.7777777910232544
vt 0.125 0.7777777910232544
vt 0.1666666716337204 0.7777777910232544
vt 0.2083333283662796 0.7777777910232544
vt 0.25 0.7777777910232544
vt 0.2916666567325592 0.7777777910232544
vt 0.3333333432674408 0.7777777910232544
vt 0.375 0.7777777910232544
vt 0.4166666567325592 0.7777777910232544
vt 0.4583333432674408 0.7777777910232544
vt 0.5 0.7777777910232544
vt 0.5416666865348816 0.7777777910232544
vt 0.5833333134651184 0.7777777910232544
vt 0.625 0.7777777910232544
vt 0.6666666865348816 0.7777777910232544
vt 0.7083333134651184 0.7777777910232544
vt 0.75 0.7777777910232544
vt 0.7916666865348816 0.7777777910232544
vt 0.8333333134651184 0.7777777910232544
vt 0.875 0.7777777910232544
vt 0.9166666865348816 0.7777777910232544
vt 0.9583333134651184 0.7777777910232544
vt 1 0.7777777910232544
vt 0 0.7222222089767456
vt 0.0416666679084301 0.7222222089767456
vt 0.0833333358168602 0.7222222089767456
vt 0.125 0.7222222089767456
vt 0.1666666716337204 0.7222222089767456
vt 0.2083333283662796 0.7222222089767456
vt 0.25 0.7222222089767456
vt 0.2916666567325592 0.7222222089767456
vt 0.3333333432674408 0.7222222089767456
vt 0.375 0.7222222089767456
vt 0.4166666567325592 0.7222222089767456
vt 0.4583333432674408 0.7222222089767456
vt 0.5 0.7222222089767456
vt 0.5416666865348816 0.7222222089767456
vt 0.5833333134651184 0.7222222089767456
vt 0.625 0.7222222089767456
vt 0.6666666865348816 0.7222222089767456
vt 0.7083333134651184 0.7222222089767456
vt 0.75 0.7222222089767456
vt 0.7916666865348816 0.7222222089767456
vt 0.8333333134651184 0.7222222089767456
vt 0.875 0.7222222089767456
vt 0.9166666865348816 0.7222222089767456
vt 0.9583333134651184 0.7222222089767456
vt 1 0.7222222089767456
vt 0 0.6666666865348816
vt 0.0416666679084301 0.6666666865348816
vt 0.0833333358168602 0.6666666865348816
vt 0.125 0.6666666865348816
vt 0.1666666716337204 0.6666666865348816
vt 0.2083333283662796 0.6666666865348816
vt 0.25 0.6666666865348816
vt 0.2916666567325592 0.6666666865348816
vt 0.3333333432674408 0.6666666865348816
vt 0.375 0.6666666865348816
vt 0.4166666567325592 0.6666666865348816
vt 0.4583333432674408 0.6666666865348816
vt 0.5 0.6666666865348816
vt 0.5416666865348816 0.6666666865348816
vt 0.5833333134651184 0.6666666865348816
vt 0.625 0.6666666865348816
vt 0.6666666865348816 0.6666666865348816
vt 0.7083333134651184 0.6666666865348816
vt 0.75 0.6666666865348816
vt 0.7916666865348816 0.6666666865348816
vt 0.8333333134651184 0.6666666865348816
vt 0.875 0.6666666865348816
vt 0.9166666865348816 0.6666666865348816
vt 0.9583333134651184 0.6666666865348816
vt 1 0.6666666865348816
vt 0 0.6111111044883728
vt 0.0416666679084301 0.6111111044883728
vt 0.0833333358168602 0.6111111044883728
vt 0.125 0.6111111044883728
vt 0.1666666716337204 0.6111111044883728
vt 0.2083333283662796 0.6111111044883728
vt 0.25 0.6111111044883728
vt 0.2916666567325592 0.6111111044883728
vt 0.3333333432674408 0.6111111044883728
vt 0.375 0.6111111044883728
vt 0.4166666567325592 0.6111111044883728
vt 0.4583333432674408 0.6111111044883728
vt 0.5 0.6111111044883728
vt 0.5416666865348816 0.6111111044883728
vt 0.5833333134651184 0.6111111044883728
vt 0.625 0.6111111044883728
vt 0.6666666865348816 0.6111111044883728
vt 0.7083333134651184 0.6111111044883728
vt 0.75 0.6111111044883728
vt 0.7916666865348816 0.6111111044883728
vt 0.8333333134651184 0.6111111044883728
vt 0.875 0.6111111044883728
vt 0.9166666865348816 0.6111111044883728
vt 0.9583333134651184 0.6111111044883728
vt 1 0.6111111044883728
vt 0 0.5555555820465088
vt 0.0416666679084301 0.5555555820465088
vt 0.0833333358168602 0.5555555820465088
vt 0.125 0.5555555820465088
vt 0.1666666716337204 0.5555555820465088
vt 0.2083333283662796 0.5555555820465088
vt 0.25 0.5555555820465088
vt 0.2916666567325592 0.5555555820465088
vt 0.3333333432674408 0.5555555820465088
vt 0.375 0.5555555820465088
vt 0.4166666567325592 0.5555555820465088
vt 0.4583333432674408 0.5555555820465088
vt 0.5 0.5555555820465088
vt 0.5416666865348816 0.5555555820465088
vt 0.5833333134651184 0.5555555820465088
vt 0.625 0.5555555820465088
vt 0.6666666865348816 0.5555555820465088
vt 0.7083333134651184 0.5555555820465088
vt 0.75 0.5555555820465088
vt 0.7916666865348816 0.5555555820465088
vt 0.8333333134651184 0.5555555820465088
vt 0.875 0.5555555820465088
vt 0.9166666865348816 0.5555555820465088
vt 0.9583333134651184 0.5555555820465088
vt 1 0.5555555820465088
vt 0 0.5
vt 0.0416666679084301 0.5
vt 0.0833333358168602 0.5
vt 0.125 0.5
vt 0.1666666716337204 0.5
vt 0.2083333283662796 0.5
vt 0.25 0.5
vt 0.2916666567325592 0.5
vt 0.3333333432674408 0.5
vt 0.375 0.5
vt 0.4166666567325592 0.5
vt 0.4583333432674408 0.5
vt 0.5 0.5
vt 0.5416666865348816 0.5
vt 0.5833333134651184 0.5
vt 0.625 0.5
vt 0.6666666865348816 0.5
vt 0.7083333134651184 0.5
vt 0.75 0.5
vt 0.7916666865348816 0.5
vt 0.8333333134651184 0.5
vt 0.875 0.5
vt 0.9166666865348816 0.5
vt 0.9583333134651184 0.5
vt 1 0.5
vt 0 0.4444444477558136
vt 0.0416666679084301 0.4444444477558136
vt 0.0833333358168602 0.4444444477558136
vt 0.125 0.4444444477558136
vt 0.1666666716337204 0.4444444477558136
vt 0.2083333283662796 0.4444444477558136
vt 0.25 0.4444444477558136
vt 0.2916666567325592 0.4444444477558136
vt 0.3333333432674408 0.4444444477558136
vt 0.375 0.4444444477558136
vt 0.4166666567325592 0.4444444477558136
vt 0.4583333432674408 0.4444444477558136
vt 0.5 0.4444444477558136
vt 0.5416666865348816 0.4444444477558136
vt 0.5833333134651184 0.4444444477558136
vt 0.625 0.4444444477558136
vt 0.6666666865348816 0.4444444477558136
vt 0.7083333134651184 0.4444444477558136
vt 0.75 0.4444444477558136
vt 0.7916666865348816 0.4444444477558136
vt 0.8333333134651184 0.4444444477558136
vt 0.875 0.4444444477558136
vt 0.9166666865348816 0.4444444477558136
vt 0.9583333134651184 0.4444444477558136
vt 1 0.4444444477558136
vt 0 0.3888888955116272
vt 0.0416666679084301 0.3888888955116272
vt 0.0833333358168602 0.3888888955116272
vt 0.125 0.3888888955116272
vt 0.1666666716337204 0.3888888955116272
vt 0.2083333283662796 0.3888888955116272
vt 0.25 0.3888888955116272
vt 0.2916666567325592 0.3888888955116272
vt 0.3333333432674408 0.3888888955116272
vt 0.375 0.3888888955116272
vt 0.4166666567325592 0.3888888955116272
vt 0.4583333432674408 0.3888888955116272
vt 0.5 0.3888888955116272
vt 0.5416666865348816 0.3888888955116272
vt 0.5833333134651184 0.3888888955116272
vt 0.625 0.3888888955116272
vt 0.6666666865348816 0.3888888955116272
vt 0.7083333134651184 0.3888888955116272
vt 0.75 0.3888888955116272
vt 0.7916666865348816 0.3888888955116272
vt 0.8333333134651184 0.3888888955116272
vt 0.875 0.3888888955116272
vt 0.9166666865348816 0.3888888955116272
vt 0.9583333134651184 0.3888888955116272
vt 1 0.3888888955116272
vt 0 0.3333333432674408
vt 0.0416666679084301 0.3333333432674408
vt 0.0833333358168602 0.3333333432674408
vt 0.125 0.3333333432674408
vt 0.1666666716337204 0.3333333432674408
vt 0.2083333283662796 0.3333333432674408
vt 0.25 0.3333333432674408
vt 0.2916666567325592 0.3333333432674408
vt 0.3333333432674408 0.3333333432674408
vt 0.375 0.3333333432674408
vt 0.4166666567325592 0.3333333432674408
vt 0.4583333432674408 0.3333333432674408
vt 0.5 0.3333333432674408
vt 0.5416666865348816 0.3333333432674408
vt 0.5833333134651184 0.3333333432674408
vt 0.625 0.3333333432674408
vt 0.6666666865348816 0.3333333432674408
vt 0.7083333134651184 0.3333333432674408
vt 0.75 0.3333333432674408
vt 0.7916666865348816 0.3333333432674408
vt 0.8333333134651184 0.3333333432674408
vt 0.875 0.3333333432674408
vt 0.9166666865348816 0.3333333432674408
vt 0.9583333134651184 0.3333333432674408
vt 1 0.3333333432674408
vt 0 0.2777777910232544
vt 0.0416666679084301 0.2777777910232544
vt 0.0833333358168602 0.2777777910232544
vt 0.125 0.2777777910232544
vt 0.1666666716337204 0.2777777910232544
vt 0.2083333283662796 0.2777777910232544
vt 0.25 0.2777777910232544
vt 0.2916666567325592 0.2777777910232544
vt 0.3333333432674408 0.2777777910232544
vt 0.375 0.2777777910232544
vt 0.4166666567325592 0.2777777910232544
vt 0.4583333432674408 0.2777777910232544
vt 0.5 0.2777777910232544
vt 0.5416666865348816 0.2777777910232544
vt 0.5833333134651184 0.2777777910232544
vt 0.625 0.2777777910232544
vt 0.6666666865348816 0.2777777910232544
vt 0.7083333134651184 0.2777777910232544
vt 0.75 0.2777777910232544
vt 0.7916666865348816 0.2777777910232544
vt 0.8333333134651184 0.2777777910232544
vt 0.875 0.2777777910232544
vt 0.9166666865348816 0.2777777910232544
vt 0.9583333134651184 0.2777777910232544
vt 1 0.2777777910232544
vt 0 0.2222222238779068
vt 0.0416666679084301 0.2222222238779068
vt 0.0833333358168602 0.2222222238779068
vt 0.125 0.2222222238779068
vt 0.1666666716337204 0.2222222238779068
vt 0.2083333283662796 0.2222222238779068
vt 0.25 0.2222222238779068
vt 0.2916666567325592 0.2222222238779068
vt 0.3333333432674408 0.2222222238779068
vt 0.375 0.2222222238779068
vt 0.4166666567325592 0.2222222238779068
vt 0.4583333432674408 0.2222222238779068
vt 0.5 0.2222222238779068
vt 0.5416666865348816 0.2222222238779068
vt 0.5833333134651184 0.2222222238779068
vt 0.625 0.2222222238779068
vt 0.6666666865348816 0.2222222238779068
vt 0.7083333134651184 0.2222222238779068
vt 0.75 0.2222222238779068
vt 0.7916666865348816 0.2222222238779068
vt 0.8333333134651184 0.2222222238779068
vt 0.875 0.2222222238779068
vt 0.9166666865348816 0.2222222238779068
vt 0.9583333134651184 0.2222222238779068
vt 1 0.2222222238779068
vt 0 0.1666666716337204
vt 0.0416666679084301 0.1666666716337204
vt 0.0833333358168602 0.1666666716337204
vt 0.125 0.1666666716337204
vt 0.1666666716337204 0.1666666716337204
vt 0.2083333283662796 0.1666666716337204
vt 0.25 0.1666666716337204
vt 0.2916666567325592 0.1666666716337204
vt 0.3333333432674408 0.1666666716337204
vt 0.375 0.1666666716337204
vt 0.4166666567325592 0.1666666716337204
vt 0.4583333432674408 0.1666666716337204
vt 0.5 0.1666666716337204
vt 0.5416666865348816 0.1666666716337204
vt 0.5833333134651184 0.1666666716337204
vt 0.625 0.1666666716337204
vt 0.6666666865348816 0.1666666716337204
vt 0.7083333134651184 0.1666666716337204
vt 0.75 0.1666666716337204
vt 0.7916666865348816 0.1666666716337204
vt 0.8333333134651184 0.1666666716337204
vt 0.875 0.1666666716337204
vt 0.9166666865348816 0.1666666716337204
vt 0.9583333134651184 0.1666666716337204
vt 1 0.1666666716337204
vt 0 0.1111111119389534
vt 0.0416666679084301 0.1111111119389534
vt 0.0833333358168602 0.1111111119389534
vt 0.125 0.1111111119389534
vt 0.1666666716337204 0.1111111119389534
vt 0.2083333283662796 0.1111111119389534
vt 0.25 0.1111111119389534
vt 0.2916666567325592 0.1111111119389534
vt 0.3333333432674408 0.1111111119389534
vt 0.375 0.1111111119389534
vt 0.4166666567325592 0.1111111119389534
vt 0.4583333432674408 0.1111111119389534
vt 0.5 0.1111111119389534
vt 0.5416666865348816 0.1111111119389534
vt 0.5833333134651184 0.1111111119389534
vt 0.625 0.1111111119389534
vt 0.6666666865348816 0.1111111119389534
vt 0.7083333134651184 0.1111111119389534
vt 0.75 0.1111111119389534
vt 0.7916666865348816 0.1111111119389534
vt 0.8333333134651184 0.1111111119389534
vt 0.875 0.1111111119389534
vt 0.9166666865348816 0.1111111119389534
vt 0.9583333134651184 0.1111111119389534
vt 1 0.1111111119389534
vt 0 0.0555555559694767
vt 0.0416666679084301 0.0555555559694767
vt 0.0833333358168602 0.0555555559694767
vt 0.125 0.0555555559694767
vt 0.1666666716337204 0.0555555559694767
vt 0.2083333283662796 0.0555555559694767
vt 0.25 0.0555555559694767
vt 0.2916666567325592 0.0555555559694767
vt 0.3333333432674408 0.0555555559694767
vt 0.375 0.0555555559694767
vt 0.4166666567325592 0.0555555559694767
vt 0.4583333432674408 0.0555555559694767
vt 0.5 0.0555555559694767
vt 0.5416666865348816 0.0555555559694767
vt 0.5833333134651184 0.0555555559694767
vt 0.625 0.0555555559694767
vt 0.6666666865348816 0.0555555559694767
vt 0.7083333134651184 0.0555555559694767
vt 0.75 0.0555555559694767
vt 0.7916666865348816 0.0555555559694767
vt 0.8333333134651184 0.0555555559694767
vt 0.875 0.0555555559694767
vt 0.9166666865348816 0.0555555559694767
vt 0.9583333134651184 0.0555555559694767
vt 1 0.0555555559694767
vt -0.02083333395421505 0
vt 0.02083333395421505 0
vt 0.0625 0
vt 0.1041666641831398 0
vt 0.1458333283662796 0
vt 0.1875 0
vt 0.2291666716337204 0
vt 0.2708333432674408 0
vt 0.3125 0
vt 0.3541666567325592 0
vt 0.3958333432674408 0
vt 0.4375 0
vt 0.4791666567325592 0
vt 0.5208333134651184 0
vt 0.5625 0
vt 0.6041666865348816 0
vt 0.6458333134651184 0
vt 0.6875 0
vt 0.7291666865348816 0
vt 0.7708333134651184 0
vt 0.8125 0
vt 0.8541666865348816 0
vt 0.8958333134651184 0
vt 0.9375 0
vt 0.9791666865348816 0
vn 0 1 0
vn 0 1 0
vn 0 1 0
vn 0 1 0
vn 0 1 0
vn 0 1 0
vn 0 1 0
vn 0 1 0
vn 0 1 0
vn 0 1 0
vn 0 1 0
vn 0 1 0
vn 0 1 0
vn 0 1 0
vn 0 1 0
vn 0 1 0
vn 0 1 0
vn 0 1 0
vn 0 1 0
vn 0 1 0
vn 0 1 0
vn 0 1 0
vn 0 1 0
vn 0 1 0
vn 0 1 0
vn -0.2197969722816604 0.9755456375669028 0
vn -0.21199318884582968 0.9741010875228298 0.07865086884336797
vn -0.18930416300457295 0.9701869802684872 0.1513312829082346
vn -0.15372640458138767 0.9649156658108569 0.2128519448049983
vn -0.10811672878656937 0.9597293540566415 0.2592881407209229
vn -0.055747006480341935 0.9559852860055715 0.28807013765631223
vn -1.31700709303165e-17 0.9546257744806971 0.2978080433721181
vn 0.055747006480341935 0.9559852860055715 0.28807013765631223
vn 0.10811672878656937 0.9597293540566415 0.2592881407209229
vn 0.15372640458138767 0.9649156658108569 0.2128519448049983
vn 0.18930416300457295 0.9701869802684872 0.1513312829082346
vn 0.21199318884582968 0.9741010875228298 0.07865086884336797
vn 0.2197969722816604 0.9755456375669028 3.7270197800987174e-17
vn 0.21199318884582968 0.9741010875228298 -0.07865086884336797
vn 0.18930416300457295 0.9701869802684872 -0.1513312829082346
vn 0.15372640458138767 0.9649156658108569 -0.2128519448049983
vn 0.10811672878656937 0.9597293540566415 -0.2592881407209229
vn 0.055747006480341935 0.9559852860055715 -0.28807013765631223
vn 3.9510212790949496e-17 0.9546257744806971 -0.2978080433721181
vn -0.055747006480341935 0.9559852860055715 -0.28807013765631223
vn -0.10811672878656937 0.9597293540566415 -0.2592881407209229
vn -0.15372640458138767 0.9649156658108569 -0.2128519448049983
vn -0.18930416300457295 0.9701869802684872 -0.1513312829082346
vn -0.21199318884582968 0.9741010875228298 -0.07865086884336797
vn -0.2197969722816604 0.9755456375669028 -7.454039560197435e-17
vn -0.4216985562399964 0.906736084902935 0
vn -0.4051224289592496 0.9018230423970082 0.15030308631548966
vn -0.3579764006988673 0.8887969769420816 0.2861692337084834
vn -0.28672395464166195 0.8718821418251509 0.39700239873460885
vn -0.19902748831879757 0.8558976684925853 0.47731251812881165
vn -0.10168093574131859 0.8447381658026897 0.5254316497348419
vn -2.3942791078222145e-17 0.8407612822986099 0.5414060086363993
vn 0.10168093574131859 0.8447381658026897 0.5254316497348419
vn 0.19902748831879757 0.8558976684925853 0.47731251812881165
vn 0.28672395464166195 0.8718821418251509 0.39700239873460885
vn 0.3579764006988673 0.8887969769420816 0.2861692337084834
vn 0.4051224289592496 0.9018230423970082 0.15030308631548966
vn 0.4216985562399964 0.906736084902935 7.15059399723878e-17
vn 0.4051224289592496 0.9018230423970082 -0.15030308631548966
vn 0.3579764006988673 0.8887969769420816 -0.2861692337084834
vn 0.28672395464166195 0.8718821418251509 -0.39700239873460885
vn 0.19902748831879757 0.8558976684925853 -0.47731251812881165
vn 0.10168093574131859 0.8447381658026897 -0.5254316497348419
vn 7.182836945196068e-17 0.8407612822986099 -0.5414060086363993
vn -0.10168093574131859 0.8447381658026897 -0.5254316497348419
vn -0.19902748831879757 0.8558976684925853 -0.47731251812881165
vn -0.28672395464166195 0.8718821418251509 -0.39700239873460885
vn -0.3579764006988673 0.8887969769420816 -0.2861692337084834
vn -0.4051224289592496 0.9018230423970082 -0.15030308631548966
vn -0.4216985562399964 0.906736084902935 -1.430118799447756e-16
vn -0.593659599757548 0.8047162727419571 0
vn -0.5673219949431791 0.7961431046131826 0.21048019153966543
vn -0.49453112981528824 0.7740487249282774 0.3953321806791378
vn -0.3894850643544639 0.7466397411974668 0.5392870121831039
vn -0.26630053365382844 0.7219503330144819 0.6386483715128107
vn -0.1346783270903993 0.7053534155733562 0.6959441840773812
vn -3.160091693579873e-17 0.699558596839586 0.7145752371778842
vn 0.1346783270903993 0.7053534155733562 0.6959441840773812
vn 0.26630053365382844 0.7219503330144819 0.6386483715128107
vn 0.3894850643544639 0.7466397411974668 0.5392870121831039
vn 0.49453112981528824 0.7740487249282774 0.3953321806791378
vn 0.5673219949431791 0.7961431046131826 0.21048019153966543
vn 0.593659599757548 0.8047162727419571 1.0066477297154562e-16
vn 0.5673219949431791 0.7961431046131826 -0.21048019153966543
vn 0.49453112981528824 0.7740487249282774 -0.3953321806791378
vn 0.3894850643544639 0.7466397411974668 -0.5392870121831039
vn 0.26630053365382844 0.7219503330144819 -0.6386483715128107
vn 0.1346783270903993 0.7053534155733562 -0.6959441840773812
vn 9.480274397710627e-17 0.699558596839586 -0.7145752371778842
vn -0.1346783270903993 0.7053534155733562 -0.6959441840773812
vn -0.26630053365382844 0.7219503330144819 -0.6386483715128107
vn -0.3894850643544639 0.7466397411974668 -0.5392870121831039
vn -0.49453112981528824 0.7740487249282774 -0.3953321806791378
vn -0.5673219949431791 0.7961431046131826 -0.21048019153966543
vn -0.593659599757548 0.8047162727419571 -2.0132954594309124e-16
vn -0.7312947560590903 0.6820615659604898 0
vn -0.6950502649356454 0.6711252589055495 0.25786821454349157
vn -0.5977316276064794 0.6437344011697134 0.47783147877633547
vn -0.46339364844007563 0.6112181018968523 0.6416219747631817
vn -0.3126370747364712 0.5831786184853597 0.749773804851656
vn -0.1567705773756662 0.5649363008313173 0.8101049080658179
vn -3.6678268218838915e-17 0.5586748034870795 0.8293867999604726
vn 0.1567705773756662 0.5649363008313173 0.8101049080658179
vn 0.3126370747364712 0.5831786184853597 0.749773804851656
vn 0.46339364844007563 0.6112181018968523 0.6416219747631817
vn 0.5977316276064794 0.6437344011697134 0.47783147877633547
vn 0.6950502649356454 0.6711252589055495 0.25786821454349157
vn 0.7312947560590903 0.6820615659604898 1.240030774568749e-16
vn 0.6950502649356454 0.6711252589055495 -0.25786821454349157
vn 0.5977316276064794 0.6437344011697134 -0.47783147877633547
vn 0.46339364844007563 0.6112181018968523 -0.6416219747631817
vn 0.3126370747364712 0.5831786184853597 -0.749773804851656
vn 0.1567705773756662 0.5649363008313173 -0.8101049080658179
vn 1.1003479848984563e-16 0.5586748034870795 -0.8293867999604726
vn -0.1567705773756662 0.5649363008313173 -0.8101049080658179
vn -0.3126370747364712 0.5831786184853597 -0.749773804851656
vn -0.46339364844007563 0.6112181018968523 -0.6416219747631817
vn -0.5977316276064794 0.6437344011697134 -0.47783147877633547
vn -0.6950502649356454 0.6711252589055495 -0.25786821454349157
vn -0.7312947560590903 0.6820615659604898 -2.480061549137498e-16
vn -0.8358804325403021 0.5489115616346931 0
vn -0.7906077818034355 0.5374963389124224 0.2933206794748598
vn -0.6720593275612272 0.5096067855570973 0.5372496480707212
vn -0.5143693599700231 0.4776923797308639 0.7122037291892628
vn -0.34347373856831354 0.4511092708440665 0.8237270280089398
vn -0.17114610687758544 0.43423917954526453 0.884389815097676
vn -3.9957202479910065e-17 0.4285213300037405 0.9035316650410353
vn 0.17114610687758544 0.43423917954526453 0.884389815097676
vn 0.34347373856831354 0.4511092708440665 0.8237270280089398
vn 0.5143693599700231 0.4776923797308639 0.7122037291892628
vn 0.6720593275612272 0.5096067855570973 0.5372496480707212
vn 0.7906077818034355 0.5374963389124224 0.2933206794748598
vn 0.8358804325403021 0.5489115616346931 1.4173730050837237e-16
vn 0.7906077818034355 0.5374963389124224 -0.2933206794748598
vn 0.6720593275612272 0.5096067855570973 -0.5372496480707212
vn 0.5143693599700231 0.4776923797308639 -0.7122037291892628
vn 0.34347373856831354 0.4511092708440665 -0.8237270280089398
vn 0.17114610687758544 0.43423917954526453 -0.884389815097676
vn 1.1987161307676344e-16 0.4285213300037405 -0.9035316650410353
vn -0.17114610687758544 0.43423917954526453 -0.884389815097676
vn -0.34347373856831354 0.4511092708440665 -0.8237270280089398
vn -0.5143693599700231 0.4776923797308639 -0.7122037291892628
vn -0.6720593275612272 0.5096067855570973 -0.5372496480707212
vn -0.7906077818034355 0.5374963389124224 -0.2933206794748598
vn -0.8358804325403021 0.5489115616346931 -2.8347460101674474e-16
vn -0.9112931767397854 0.4117581159218482 0
vn -0.8586102915858926 0.4016394323334446 0.31855004877986864
vn -0.7233351203278157 0.37739223669277344 0.5782399185324116
vn -0.5483691384847518 0.35040639941606966 0.7592803455942718
vn -0.3635014500517592 0.328488517259931 0.8717579881128937
vn -0.18033299678672446 0.3148205123329554 0.931862680486956
vn -4.204147275301515e-17 0.31022807896934457 0.950662158192378
vn 0.18033299678672446 0.3148205123329554 0.931862680486956
vn 0.3635014500517592 0.328488517259931 0.8717579881128937
vn 0.5483691384847518 0.35040639941606966 0.7592803455942718
vn 0.7233351203278157 0.37739223669277344 0.5782399185324116
vn 0.8586102915858926 0.4016394323334446 0.31855004877986864
vn 0.9112931767397854 0.4117581159218482 1.5452478013035485e-16
vn 0.8586102915858926 0.4016394323334446 -0.31855004877986864
vn 0.7233351203278157 0.37739223669277344 -0.5782399185324116
vn 0.5483691384847518 0.35040639941606966 -0.7592803455942718
vn 0.3635014500517592 0.328488517259931 -0.8717579881128937
vn 0.18033299678672446 0.3148205123329554 -0.931862680486956
vn 1.2612441825904542e-16 0.31022807896934457 -0.950662158192378
vn -0.18033299678672446 0.3148205123329554 -0.931862680486956
vn -0.3635014500517592 0.328488517259931 -0.8717579881128937
vn -0.5483691384847518 0.35040639941606966 -0.7592803455942718
vn -0.7233351203278157 0.37739223669277344 -0.5782399185324116
vn -0.8586102915858926 0.4016394323334446 -0.31855004877986864
vn -0.9112931767397854 0.4117581159218482 -3.090495602607097e-16
vn -0.9617441508169599 0.2739492441481904 0
vn -0.903652244719417 0.2664821418582201 0.3352609262711871
vn -0.7565265127000516 0.24883077203761075 0.6047734141553057
vn -0.569855192997838 0.2295567389815891 0.7890302672277757
vn -0.3759284652501225 0.2141636501175053 0.901560713420363
vn -0.1859718529616063 0.20467346446734497 0.9610011669342348
vn -4.331624608444092e-17 0.2015025361013809 0.9794879927516782
vn 0.1859718529616063 0.20467346446734497 0.9610011669342348
vn 0.3759284652501225 0.2141636501175053 0.901560713420363
vn 0.569855192997838 0.2295567389815891 0.7890302672277757
vn 0.7565265127000516 0.24883077203761075 0.6047734141553057
vn 0.903652244719417 0.2664821418582201 0.3352609262711871
vn 0.9617441508169599 0.2739492441481904 1.6307956741668106e-16
vn 0.903652244719417 0.2664821418582201 -0.3352609262711871
vn 0.7565265127000516 0.24883077203761075 -0.6047734141553057
vn 0.569855192997838 0.2295567389815891 -0.7890302672277757
vn 0.3759284652501225 0.2141636501175053 -0.901560713420363
vn 0.1859718529616063 0.20467346446734497 -0.9610011669342348
vn 1.2994874323498735e-16 0.2015025361013809 -0.9794879927516782
vn -0.1859718529616063 0.20467346446734497 -0.9610011669342348
vn -0.3759284652501225 0.2141636501175053 -0.901560713420363
vn -0.569855192997838 0.2295567389815891 -0.7890302672277757
vn -0.7565265127000516 0.24883077203761075 -0.6047734141553057
vn -0.903652244719417 0.2664821418582201 -0.3352609262711871
vn -0.9617441508169599 0.2739492441481904 -3.261591348333621e-16
vn -0.9906125461177778 0.1366996103654054 0
vn -0.9292557858699958 0.13275623473897794 0.3447600130018939
vn -0.7751138374403543 0.12350890972805459 0.6196322201324551
vn -0.5817056108749877 0.11352243639104286 0.8054385381345984
vn -0.3827051986649475 0.10562283255413843 0.9178129156631342
vn -0.18902658917693088 0.10078365136267352 0.976786365692183
vn -4.4005350309774434e-17 0.09917177273408649 0.9950703289179006
vn 0.18902658917693088 0.10078365136267352 0.976786365692183
vn 0.3827051986649475 0.10562283255413843 0.9178129156631342
vn 0.5817056108749877 0.11352243639104286 0.8054385381345984
vn 0.7751138374403543 0.12350890972805459 0.6196322201324551
vn 0.9292557858699958 0.13275623473897794 0.3447600130018939
vn 0.9906125461177778 0.1366996103654054 1.6797468342659877e-16
vn 0.9292557858699958 0.13275623473897794 -0.3447600130018939
vn 0.7751138374403543 0.12350890972805459 -0.6196322201324551
vn 0.5817056108749877 0.11352243639104286 -0.8054385381345984
vn 0.3827051986649475 0.10562283255413843 -0.9178129156631342
vn 0.18902658917693088 0.10078365136267352 -0.976786365692183
vn 1.320160557583934e-16 0.09917177273408649 -0.9950703289179006
vn -0.18902658917693088 0.10078365136267352 -0.976786365692183
vn -0.3827051986649475 0.10562283255413843 -0.9178129156631342
vn -0.5817056108749877 0.11352243639104286 -0.8054385381345984
vn -0.7751138374403543 0.12350890972805459 -0.6196322201324551
vn -0.9292557858699958 0.13275623473897794 -0.3447600130018939
vn -0.9906125461177778 0.1366996103654054 -3.3594936685319754e-16
vn -1 4.792096379681092e-17 0
vn -0.9375543447870457 4.651341461463594e-17 0.34783882844060615
vn -0.781094293097949 4.32213556896719e-17 0.6244130886599155
vn -0.5854905538443586 3.9678974747277985e-17 0.810679228399881
vn -0.38485801605567765 3.688553410863321e-17 0.9229757892153445
vn -0.18999396664528706 3.5177836488781356e-17 0.98178525790439
vn -4.42233585655755e-17 3.460958496436344e-17 0.9999999999999999
vn 0.18999396664528706 3.5177836488781356e-17 0.98178525790439
vn 0.38485801605567765 3.688553410863321e-17 0.9229757892153445
vn 0.5854905538443586 3.9678974747277985e-17 0.810679228399881
vn 0.781094293097949 4.32213556896719e-17 0.6244130886599155
vn 0.9375543447870457 4.651341461463594e-17 0.34783882844060615
vn 1 4.792096379681092e-17 1.6956648728102324e-16
vn 0.9375543447870457 4.651341461463594e-17 -0.34783882844060615
vn 0.781094293097949 4.32213556896719e-17 -0.6244130886599155
vn 0.5854905538443586 3.9678974747277985e-17 -0.810679228399881
vn 0.38485801605567765 3.688553410863321e-17 -0.9229757892153445
vn 0.18999396664528706 3.5177836488781356e-17 -0.98178525790439
vn 1.32670066138195e-16 3.460958496436344e-17 -0.9999999999999999
vn -0.18999396664528706 3.5177836488781356e-17 -0.98178525790439
vn -0.38485801605567765 3.688553410863321e-17 -0.9229757892153445
vn -0.5854905538443586 3.9678974747277985e-17 -0.810679228399881
vn -0.781094293097949 4.32213556896719e-17 -0.6244130886599155
vn -0.9375543447870457 4.651341461463594e-17 -0.34783882844060615
vn -1 4.792096379681092e-17 -3.3913297456204647e-16
vn -0.9906125461177778 -0.1366996103654054 0
vn -0.9292557858699958 -0.13275623473897794 0.3447600130018939
vn -0.7751138374403543 -0.12350890972805459 0.6196322201324551
vn -0.5817056108749877 -0.11352243639104286 0.8054385381345984
vn -0.3827051986649475 -0.10562283255413843 0.9178129156631342
vn -0.18902658917693088 -0.10078365136267352 0.976786365692183
vn -4.4005350309774434e-17 -0.09917177273408649 0.9950703289179006
vn 0.18902658917693088 -0.10078365136267352 0.976786365692183
vn 0.3827051986649475 -0.10562283255413843 0.9178129156631342
vn 0.5817056108749877 -0.11352243639104286 0.8054385381345984
vn 0.7751138374403543 -0.12350890972805459 0.6196322201324551
vn 0.9292557858699958 -0.13275623473897794 0.3447600130018939
vn 0.9906125461177778 -0.1366996103654054 1.6797468342659877e-16
vn 0.9292557858699958 -0.13275623473897794 -0.3447600130018939
vn 0.7751138374403543 -0.12350890972805459 -0.6196322201324551
vn 0.5817056108749877 -0.11352243639104286 -0.8054385381345984
vn 0.3827051986649475 -0.10562283255413843 -0.9178129156631342
vn 0.18902658917693088 -0.10078365136267352 -0.976786365692183
vn 1.320160557583934e-16 -0.09917177273408649 -0.9950703289179006
vn -0.18902658917693088 -0.10078365136267352 -0.976786365692183
vn -0.3827051986649475 -0.10562283255413843 -0.9178129156631342
vn -0.5817056108749877 -0.11352243639104286 -0.8054385381345984
vn -0.7751138374403543 -0.12350890972805459 -0.6196322201324551
vn -0.9292557858699958 -0.13275623473897794 -0.3447600130018939
vn -0.9906125461177778 -0.1366996103654054 -3.3594936685319754e-16
vn -0.9617441508169599 -0.2739492441481904 0
vn -0.903652244719417 -0.2664821418582201 0.3352609262711871
vn -0.7565265127000516 -0.24883077203761075 0.6047734141553057
vn -0.569855192997838 -0.2295567389815891 0.7890302672277757
vn -0.3759284652501225 -0.2141636501175053 0.901560713420363
vn -0.1859718529616063 -0.20467346446734497 0.9610011669342348
vn -4.331624608444092e-17 -0.2015025361013809 0.9794879927516782
vn 0.1859718529616063 -0.20467346446734497 0.9610011669342348
vn 0.3759284652501225 -0.2141636501175053 0.901560713420363
vn 0.569855192997838 -0.2295567389815891 0.7890302672277757
vn 0.7565265127000516 -0.24883077203761075 0.6047734141553057
vn 0.903652244719417 -0.2664821418582201 0.3352609262711871
vn 0.9617441508169599 -0.2739492441481904 1.6307956741668106e-16
vn 0.903652244719417 -0.2664821418582201 -0.3352609262711871
vn 0.7565265127000516 -0.24883077203761075 -0.6047734141553057
vn 0.569855192997838 -0.2295567389815891 -0.7890302672277757
vn 0.3759284652501225 -0.2141636501175053 -0.901560713420363
vn 0.1859718529616063 -0.20467346446734497 -0.9610011669342348
vn 1.2994874323498735e-16 -0.2015025361013809 -0.9794879927516782
vn -0.1859718529616063 -0.20467346446734497 -0.9610011669342348
vn -0.3759284652501225 -0.2141636501175053 -0.901560713420363
vn -0.569855192997838 -0.2295567389815891 -0.7890302672277757
vn -0.7565265127000516 -0.24883077203761075 -0.6047734141553057
vn -0.903652244719417 -0.2664821418582201 -0.3352609262711871
vn -0.9617441508169599 -0.2739492441481904 -3.261591348333621e-16
vn -0.9112931767397854 -0.4117581159218482 0
vn -0.8586102915858926 -0.4016394323334446 0.31855004877986864
vn -0.7233351203278157 -0.37739223669277344 0.5782399185324116
vn -0.5483691384847518 -0.35040639941606966 0.7592803455942718
vn -0.3635014500517592 -0.328488517259931 0.8717579881128937
vn -0.18033299678672446 -0.3148205123329554 0.931862680486956
vn -4.204147275301515e-17 -0.31022807896934457 0.950662158192378
vn 0.18033299678672446 -0.3148205123329554 0.931862680486956
vn 0.3635014500517592 -0.328488517259931 0.8717579881128937
vn 0.5483691384847518 -0.35040639941606966 0.7592803455942718
vn 0.7233351203278157 -0.37739223669277344 0.5782399185324116
vn 0.8586102915858926 -0.4016394323334446 0.31855004877986864
vn 0.9112931767397854 -0.4117581159218482 1.5452478013035485e-16
vn 0.8586102915858926 -0.4016394323334446 -0.31855004877986864
vn 0.7233351203278157 -0.37739223669277344 -0.5782399185324116
vn 0.5483691384847518 -0.35040639941606966 -0.7592803455942718
vn 0.3635014500517592 -0.328488517259931 -0.8717579881128937
vn 0.18033299678672446 -0.3148205123329554 -0.931862680486956
vn 1.2612441825904542e-16 -0.31022807896934457 -0.950662158192378
vn -0.18033299678672446 -0.3148205123329554 -0.931862680486956
vn -0.3635014500517592 -0.328488517259931 -0.8717579881128937
vn -0.5483691384847518 -0.35040639941606966 -0.7592803455942718
vn -0.7233351203278157 -0.37739223669277344 -0.5782399185324116
vn -0.8586102915858926 -0.4016394323334446 -0.31855004877986864
vn -0.9112931767397854 -0.4117581159218482 -3.090495602607097e-16
vn -0.8358804325403021 -0.5489115616346931 0
vn -0.7906077818034355 -0.5374963389124224 0.2933206794748598
vn -0.6720593275612272 -0.5096067855570973 0.5372496480707212
vn -0.5143693599700231 -0.4776923797308639 0.7122037291892628
vn -0.34347373856831354 -0.4511092708440665 0.8237270280089398
vn -0.17114610687758544 -0.43423917954526453 0.884389815097676
vn -3.9957202479910065e-17 -0.4285213300037405 0.9035316650410353
vn 0.17114610687758544 -0.43423917954526453 0.884389815097676
vn 0.34347373856831354 -0.4511092708440665 0.8237270280089398
vn 0.5143693599700231 -0.4776923797308639 0.7122037291892628
vn 0.6720593275612272 -0.5096067855570973 0.5372496480707212
vn 0.7906077818034355 -0.5374963389124224 0.2933206794748598
vn 0.8358804325403021 -0.5489115616346931 1.4173730050837237e-16
vn 0.7906077818034355 -0.5374963389124224 -0.2933206794748598
vn 0.6720593275612272 -0.5096067855570973 -0.5372496480707212
vn 0.5143693599700231 -0.4776923797308639 -0.7122037291892628
vn 0.34347373856831354 -0.4511092708440665 -0.8237270280089398
vn 0.17114610687758544 -0.43423917954526453 -0.884389815097676
vn 1.1987161307676344e-16 -0.4285213300037405 -0.9035316650410353
vn -0.17114610687758544 -0.43423917954526453 -0.884389815097676
vn -0.34347373856831354 -0.4511092708440665 -0.8237270280089398
vn -0.5143693599700231 -0.4776923797308639 -0.7122037291892628
vn -0.6720593275612272 -0.5096067855570973 -0.5372496480707212
vn -0.7906077818034355 -0.5374963389124224 -0.2933206794748598
vn -0.8358804325403021 -0.5489115616346931 -2.8347460101674474e-16
vn -0.7312947560590903 -0.6820615659604898 0
vn -0.6950502649356454 -0.6711252589055495 0.25786821454349157
vn -0.5977316276064794 -0.6437344011697134 0.47783147877633547
vn -0.46339364844007563 -0.6112181018968523 0.6416219747631817
vn -0.3126370747364712 -0.5831786184853597 0.749773804851656
vn -0.1567705773756662 -0.5649363008313173 0.8101049080658179
vn -3.6678268218838915e-17 -0.5586748034870795 0.8293867999604726
vn 0.1567705773756662 -0.5649363008313173 0.8101049080658179
vn 0.3126370747364712 -0.5831786184853597 0.749773804851656
vn 0.46339364844007563 -0.6112181018968523 0.6416219747631817
vn 0.5977316276064794 -0.6437344011697134 0.47783147877633547
vn 0.6950502649356454 -0.6711252589055495 0.25786821454349157
vn 0.7312947560590903 -0.6820615659604898 1.240030774568749e-16
vn 0.6950502649356454 -0.6711252589055495 -0.25786821454349157
vn 0.5977316276064794 -0.6437344011697134 -0.47783147877633547
vn 0.46339364844007563 -0.6112181018968523 -0.6416219747631817
vn 0.3126370747364712 -0.5831786184853597 -0.749773804851656
vn 0.1567705773756662 -0.5649363008313173 -0.8101049080658179
vn 1.1003479848984563e-16 -0.5586748034870795 -0.8293867999604726
vn -0.1567705773756662 -0.5649363008313173 -0.8101049080658179
vn -0.3126370747364712 -0.5831786184853597 -0.749773804851656
vn -0.46339364844007563 -0.6112181018968523 -0.6416219747631817
vn -0.5977316276064794 -0.6437344011697134 -0.47783147877633547
vn -0.6950502649356454 -0.6711252589055495 -0.25786821454349157
vn -0.7312947560590903 -0.6820615659604898 -2.480061549137498e-16
vn -0.593659599757548 -0.8047162727419571 0
vn -0.5673219949431791 -0.7961431046131826 0.21048019153966543
vn -0.49453112981528824 -0.7740487249282774 0.3953321806791378
vn -0.3894850643544639 -0.7466397411974668 0.5392870121831039
vn -0.26630053365382844 -0.7219503330144819 0.6386483715128107
vn -0.1346783270903993 -0.7053534155733562 0.6959441840773812
vn -3.160091693579873e-17 -0.699558596839586 0.7145752371778842
vn 0.1346783270903993 -0.7053534155733562 0.6959441840773812
vn 0.26630053365382844 -0.7219503330144819 0.6386483715128107
vn 0.3894850643544639 -0.7466397411974668 0.5392870121831039
vn 0.49453112981528824 -0.7740487249282774 0.3953321806791378
vn 0.5673219949431791 -0.7961431046131826 0.21048019153966543
vn 0.593659599757548 -0.8047162727419571 1.0066477297154562e-16
vn 0.5673219949431791 -0.7961431046131826 -0.21048019153966543
vn 0.49453112981528824 -0.7740487249282774 -0.3953321806791378
vn 0.3894850643544639 -0.7466397411974668 -0.5392870121831039
vn 0.26630053365382844 -0.7219503330144819 -0.6386483715128107
vn 0.1346783270903993 -0.7053534155733562 -0.6959441840773812
vn 9.480274397710627e-17 -0.699558596839586 -0.7145752371778842
vn -0.1346783270903993 -0.7053534155733562 -0.6959441840773812
vn -0.26630053365382844 -0.7219503330144819 -0.6386483715128107
vn -0.3894850643544639 -0.7466397411974668 -0.5392870121831039
vn -0.49453112981528824 -0.7740487249282774 -0.3953321806791378
vn -0.5673219949431791 -0.7961431046131826 -0.21048019153966543
vn -0.593659599757548 -0.8047162727419571 -2.0132954594309124e-16
vn -0.4216985562399964 -0.906736084902935 0
vn -0.4051224289592496 -0.9018230423970082 0.15030308631548966
vn -0.3579764006988673 -0.8887969769420816 0.2861692337084834
vn -0.28672395464166195 -0.8718821418251509 0.39700239873460885
vn -0.19902748831879757 -0.8558976684925853 0.47731251812881165
vn -0.10168093574131859 -0.8447381658026897 0.5254316497348419
vn -2.3942791078222145e-17 -0.8407612822986099 0.5414060086363993
vn 0.10168093574131859 -0.8447381658026897 0.5254316497348419
vn 0.19902748831879757 -0.8558976684925853 0.47731251812881165
vn 0.28672395464166195 -0.8718821418251509 0.39700239873460885
vn 0.3579764006988673 -0.8887969769420816 0.2861692337084834
vn 0.4051224289592496 -0.9018230423970082 0.15030308631548966
vn 0.4216985562399964 -0.906736084902935 7.15059399723878e-17
vn 0.4051224289592496 -0.9018230423970082 -0.15030308631548966
vn 0.3579764006988673 -0.8887969769420816 -0.2861692337084834
vn 0.28672395464166195 -0.8718821418251509 -0.39700239873460885
vn 0.19902748831879757 -0.8558976684925853 -0.47731251812881165
vn 0.10168093574131859 -0.8447381658026897 -0.5254316497348419
vn 7.182836945196068e-17 -0.8407612822986099 -0.5414060086363993
vn -0.10168093574131859 -0.8447381658026897 -0.5254316497348419
vn -0.19902748831879757 -0.8558976684925853 -0.47731251812881165
vn -0.28672395464166195 -0.8718821418251509 -0.39700239873460885
vn -0.3579764006988673 -0.8887969769420816 -0.2861692337084834
vn -0.4051224289592496 -0.9018230423970082 -0.15030308631548966
vn -0.4216985562399964 -0.906736084902935 -1.430118799447756e-16
vn -0.2197969722816604 -0.9755456375669028 0
vn -0.21199318884582968 -0.9741010875228298 0.07865086884336797
vn -0.18930416300457295 -0.9701869802684872 0.1513312829082346
vn -0.15372640458138767 -0.9649156658108569 0.2128519448049983
vn -0.10811672878656937 -0.9597293540566415 0.2592881407209229
vn -0.055747006480341935 -0.9559852860055715 0.28807013765631223
vn -1.31700709303165e-17 -0.9546257744806971 0.2978080433721181
vn 0.055747006480341935 -0.9559852860055715 0.28807013765631223
vn 0.10811672878656937 -0.9597293540566415 0.2592881407209229
vn 0.15372640458138767 -0.9649156658108569 0.2128519448049983
vn 0.18930416300457295 -0.9701869802684872 0.1513312829082346
vn 0.21199318884582968 -0.9741010875228298 0.07865086884336797
vn 0.2197969722816604 -0.9755456375669028 3.7270197800987174e-17
vn 0.21199318884582968 -0.9741010875228298 -0.07865086884336797
vn 0.18930416300457295 -0.9701869802684872 -0.1513312829082346
vn 0.15372640458138767 -0.9649156658108569 -0.2128519448049983
vn 0.10811672878656937 -0.9597293540566415 -0.2592881407209229
vn 0.055747006480341935 -0.9559852860055715 -0.28807013765631223
vn 3.9510212790949496e-17 -0.9546257744806971 -0.2978080433721181
vn -0.055747006480341935 -0.9559852860055715 -0.28807013765631223
vn -0.10811672878656937 -0.9597293540566415 -0.2592881407209229
vn -0.15372640458138767 -0.9649156658108569 -0.2128519448049983
vn -0.18930416300457295 -0.9701869802684872 -0.1513312829082346
vn -0.21199318884582968 -0.9741010875228298 -0.07865086884336797
vn -0.2197969722816604 -0.9755456375669028 -7.454039560197435e-17
vn -1.564826533858825e-16 -1 0
vn -1.5115062142285775e-16 -1 5.607787684804349e-17
vn -1.3551794825499824e-16 -1 1.0833414465176482e-16
vn -1.1064994104378373e-16 -1 1.5320761067600825e-16
vn -7.824132669294125e-17 -1 1.8764023604538216e-16
vn -4.0500688834698077e-17 -1 2.092854758162646e-16
vn -9.581798448913184e-33 -1 2.1666828930352964e-16
vn 4.0500688834698077e-17 -1 2.092854758162646e-16
vn 7.824132669294125e-17 -1 1.8764023604538216e-16
vn 1.1064994104378373e-16 -1 1.5320761067600825e-16
vn 1.3551794825499824e-16 -1 1.0833414465176482e-16
vn 1.5115062142285775e-16 -1 5.607787684804349e-17
vn 1.564826533858825e-16 -1 2.6534211089298046e-32
vn 1.5115062142285775e-16 -1 -5.607787684804349e-17
vn 1.3551794825499824e-16 -1 -1.0833414465176482e-16
vn 1.1064994104378373e-16 -1 -1.5320761067600825e-16
vn 7.824132669294125e-17 -1 -1.8764023604538216e-16
vn 4.0500688834698077e-17 -1 -2.092854758162646e-16
vn 2.8745395346739554e-32 -1 -2.1666828930352964e-16
vn -4.0500688834698077e-17 -1 -2.092854758162646e-16
vn -7.824132669294125e-17 -1 -1.8764023604538216e-16
vn -1.1064994104378373e-16 -1 -1.5320761067600825e-16
vn -1.3551794825499824e-16 -1 -1.0833414465176482e-16
vn -1.5115062142285775e-16 -1 -5.607787684804349e-17
vn -1.564826533858825e-16 -1 -5.306842217859609e-32
f 901/901/901 926/926/926 927/927/927
f 902/902/902 927/927/927 928/928/928
f 903/903/903 928/928/928 929/929/929
f 904/904/904 929/929/929 930/930/930
f 905/905/905 930/930/930 931/931/931
f 906/906/906 931/931/931 932/932/932
f 907/907/907 932/932/932 933/933/933
f 908/908/908 933/933/933 934/934/934
f 909/909/909 934/934/934 935/935/935
f 910/910/910 935/935/935 936/936/936
f 911/911/911 936/936/936 937/937/937
f 912/912/912 937/937/937 938/938/938
f 913/913/913 938/938/938 939/939/939
f 914/914/914 939/939/939 940/940/940
f 915/915/915 940/940/940 941/941/941
f 916/916/916 941/941/941 942/942/942
f 917/917/917 942/942/942 943/943/943
f 918/918/918 943/943/943 944/944/944
f 919/919/919 944/944/944 945/945/945
f 920/920/920 945/945/945 946/946/946
f 921/921/921 946/946/946 947/947/947
f 922/922/922 947/947/947 948/948/948
f 923/923/923 948/948/948 949/949/949
f 924/924/924 949/949/949 950/950/950
f 927/927/927 926/926/926 952/952/952
f 926/926/926 951/951/951 952/952/952
f 928/928/928 927/927/927 953/953/953
f 927/927/927 952/952/952 953/953/953
f 929/929/929 928/928/928 954/954/954
f 928/928/928 953/953/953 954/954/954
f 930/930/930 929/929/929 955/955/955
f 929/929/929 954/954/954 955/955/955
f 931/931/931 930/930/930 956/956/956
f 930/930/930 955/955/955 956/956/956
f 932/932/932 931/931/931 957/957/957
f 931/931/931 956/956/956 957/957/957
f 933/933/933 932/932/932 958/958/958
f 932/932/932 957/957/957 958/958/958
f 934/934/934 933/933/933 959/959/959
f 933/933/933 958/958/958 959/959/959
f 935/935/935 934/934/934 960/960/960
f 934/934/934 959/959/959 960/960/960
f 936/936/936 935/935/935 961/961/961
f 935/935/935 960/960/960 961/961/961
f 937/937/937 936/936/936 962/962/962
f 936/936/936 961/961/961 962/962/962
f 938/938/938 937/937/937 963/963/963
f 937/937/937 962/962/962 963/963/963
f 939/939/939 938/938/938 964/964/964
f 938/938/938 963/963/963 964/964/964
f 940/940/940 939/939/939 965/965/965
f 939/939/939 964/964/964 965/965/965
f 941/941/941 940/940/940 966/966/966
f 940/940/940 965/965/965 966/966/966
f 942/942/942 941/941/941 967/967/967
f 941/941/941 966/966/966 967/967/967
f 943/943/943 942/942/942 968/968/968
f 942/942/942 967/967/967 968/968/968
f 944/944/944 943/943/943 969/969/969
f 943/943/943 968/968/968 969/969/969
f 945/945/945 944/944/944 970/970/970
f 944/944/944 969/969/969 970/970/970
f 946/946/946 945/945/945 971/971/971
f 945/945/945 970/970/970 971/971/971
f 947/947/947 946/946/946 972/972/972
f 946/946/946 971/971/971 972/972/972
f 948/948/948 947/947/947 973/973/973
f 947/947/947 972/972/972 973/973/973
f 949/949/949 948/948/948 974/974/974
f 948/948/948 973/973/973 974/974/974
f 950/950/950 949/949/949 975/975/975
f 949/949/949 974/974/974 975/975/975
f 952/952/952 951/951/951 977/977/977
f 951/951/951 976/976/976 977/977/977
f 953/953/953 952/952/952 978/978/978
f 952/952/952 977/977/977 978/978/978
f 954/954/954 953/953/953 979/979/979
f 953/953/953 978/978/978 979/979/979
f 955/955/955 954/954/954 980/980/980
f 954/954/954 979/979/979 980/980/980
f 956/956/956 955/955/955 981/981/981
f 955/955/955 980/980/980 981/981/981
f 957/957/957 956/956/956 982/982/982
f 956/956/956 981/981/981 982/982/982
f 958/958/958 957/957/957 983/983/983
f 957/957/957 982/982/982 983/983/983
f 959/959/959 958/958/958 984/984/984
f 958/958/958 983/983/983 984/984/984
f 960/960/960 959/959/959 985/985/985
f 959/959/959 984/984/984 985/985/985
f 961/961/961 960/960/960 986/986/986
f 960/960/960 985/985/985 986/986/986
f 962/962/962 961/961/961 987/987/987
f 961/961/961 986/986/986 987/987/987
f 963/963/963 962/962/962 988/988/988
f 962/962/962 987/987/987 988/988/988
f 964/964/964 963/963/963 989/989/989
f 963/963/963 988/988/988 989/989/989
f 965/965/965 964/964/964 990/990/990
f 964/964/964 989/989/989 990/990/990
f 966/966/966 965/965/965 991/991/991
f 965/965/965 990/990/990 991/991/991
f 967/967/967 966/966/966 992/992/992
f 966/966/966 991/991/991 992/992/992
f 968/968/968 967/967/967 993/993/993
f 967/967/967 992/992/992 993/993/993
f 969/969/969 968/968/968 994/994/994
f 968/968/968 993/993/993 994/994/994
f 970/970/970 969/969/969 995/995/995
f 969/969/969 994/994/994 995/995/995
f 971/971/971 970/970/970 996/996/996
f 970/970/970 995/995/995 996/996/996
f 972/972/972 971/971/971 997/997/997
f 971/971/971 996/996/996 997/997/997
f 973/973/973 972/972/972 998/998/998
f 972/972/972 997/997/997 998/998/998
f 974/974/974 973/973/973 999/999/999
f 973/973/973 998/998/998 999/999/999
f 975/975/975 974/974/974 1000/1000/1000
f 974/974/974 999/999/999 1000/1000/1000
f 977/977/977 976/976/976 1002/1002/1002
f 976/976/976 1001/1001/1001 1002/1002/1002
f 978/978/978 977/977/977 1003/1003/1003
f 977/977/977 1002/1002/1002 1003/1003/1003
f 979/979/979 978/978/978 1004/1004/1004
f 978/978/978 1003/1003/1003 1004/1004/1004
f 980/980/980 979/979/979 1005/1005/1005
f 979/979/979 1004/1004/1004 1005/1005/1005
f 981/981/981 980/980/980 1006/1006/1006
f 980/980/980 1005/1005/1005 1006/1006/1006
f 982/982/982 981/981/981 1007/1007/1007
f 981/981/981 1006/1006/1006 1007/1007/1007
f 983/983/983 982/982/982 1008/1008/1008
f 982/982/982 1007/1007/1007 1008/1008/1008
f 984/984/984 983/983/983 1009/1009/1009
f 983/983/983 1008/1008/1008 1009/1009/1009
f 985/985/985 984/984/984 1010/1010/1010
f 984/984/984 1009/1009/1009 1010/1010/1010
f 986/986/986 985/985/985 1011/1011/1011
f 985/985/985 1010/1010/1010 1011/1011/1011
f 987/987/987 986/986/986 1012/1012/1012
f 986/986/986 1011/1011/1011 1012/1012/1012
f 988/988/988 987/987/987 1013/1013/1013
f 987/987/987 1012/1012/1012 1013/1013/1013
f 989/989/989 988/988/988 1014/1014/1014
f 988/988/988 1013/1013/1013 1014/1014/1014
f 990/990/990 989/989/989 1015/1015/1015
f 989/989/989 1014/1014/1014 1015/1015/1015
f 991/991/991 990/990/990 1016/1016/1016
f 990/990/990 1015/1015/1015 1016/1016/1016
f 992/992/992 991/991/991 1017/1017/1017
f 991/991/991 1016/1016/1016 1017/1017/1017
f 993/993/993 992/992/992 1018/1018/1018
f 992/992/992 1017/1017/1017 1018/1018/1018
f 994/994/994 993/993/993 1019/1019/1019
f 993/993/993 1018/1018/1018 1019/1019/1019
f 995/995/995 994/994/994 1020/1020/1020
f 994/994/994 1019/1019/1019 1020/1020/1020
f 996/996/996 995/995/995 1021/1021/1021
f 995/995/995 1020/1020/1020 1021/1021/1021
f 997/997/997 996/996/996 1022/1022/1022
f 996/996/996 1021/1021/1021 1022/1022/1022
f 998/998/998 997/997/997 1023/1023/1023
f 997/997/997 1022/1022/1022 1023/1023/1023
f 999/999/999 998/998/998 1024/1024/1024
f 998/998/998 1023/1023/1023 1024/1024/1024
f 1000/1000/1000 999/999/999 1025/1025/1025
f 999/999/999 1024/1024/1024 1025/1025/1025
f 1002/1002/1002 1001/1001/1001 1027/1027/1027
f 1001/1001/1001 1026/1026/1026 1027/1027/1027
f 1003/1003/1003 1002/1002/1002 1028/1028/1028
f 1002/1002/1002 1027/1027/1027 1028/1028/1028
f 1004/1004/1004 1003/1003/1003 1029/1029/1029
f 1003/1003/1003 1028/1028/1028 1029/1029/1029
f 1005/1005/1005 1004/1004/1004 1030/1030/1030
f 1004/1004/1004 1029/1029/1029 1030/1030/1030
f 1006/1006/1006 1005/1005/1005 1031/1031/1031
f 1005/1005/1005 1030/1030/1030 1031/1031/1031
f 1007/1007/1007 1006/1006/1006 1032/1032/1032
f 1006/1006/1006 1031/1031/1031 1032/1032/1032
f 1008/1008/1008 1007/1007/1007 1033/1033/1033
f 1007/1007/1007 1032/1032/1032 1033/1033/1033
f 1009/1009/1009 1008/1008/1008 1034/1034/1034
f 1008/1008/1008 1033/1033/1033 1034/1034/1034
f 1010/1010/1010 1009/1009/1009 1035/1035/1035
f 1009/1009/1009 1034/1034/1034 1035/1035/1035
f 1011/1011/1011 1010/1010/1010 1036/1036/1036
f 1010/1010/1010 1035/1035/1035 1036/1036/1036
f 1012/1012/1012 1011/1011/1011 1037/1037/1037
f 1011/1011/1011 1036/1036/1036 1037/1037/1037
f 1013/1013/1013 1012/1012/1012 1038/1038/1038
f 1012/1012/1012 1037/1037/1037 1038/1038/1038
f 1014/1014/1014 1013/1013/1013 1039/1039/1039
f 1013/1013/1013 1038/1038/1038 1039/1039/1039
f 1015/1015/1015 1014/1014/1014 1040/1040/1040
f 1014/1014/1014 1039/1039/1039 1040/1040/1040
f 1016/1016/1016 1015/1015/1015 1041/1041/1041
f 1015/1015/1015 1040/1040/1040 1041/1041/1041
f 1017/1017/1017 1016/1016/1016 1042/1042/1042
f 1016/1016/1016 1041/1041/1041 1042/1042/1042
f 1018/1018/1018 1017/1017/1017 1043/1043/1043
f 1017/1017/1017 1042/1042/1042 1043/1043/1043
f 1019/1019/1019 1018/1018/1018 1044/1044/1044
f 1018/1018/1018 1043/1043/1043 1044/1044/1044
f 1020/1020/1020 1019/1019/1019 1045/1045/1045
f 1019/1019/1019 1044/1044/1044 1045/1045/1045
f 1021/1021/1021 1020/1020/1020 1046/1046/1046
f 1020/1020/1020 1045/1045/1045 1046/1046/1046
f 1022/1022/1022 1021/1021/1021 1047/1047/1047
f 1021/1021/1021 1046/1046/1046 1047/1047/1047
f 1023/1023/1023 1022/1022/1022 1048/1048/1048
f 1022/1022/1022 1047/1047/1047 1048/1048/1048
f 1024/1024/1024 1023/1023/1023 1049/1049/1049
f 1023/1023/1023 1048/1048/1048 1049/1049/1049
f 1025/1025/1025 1024/1024/1024 1050/1050/1050
f 1024/1024/1024 1049/1049/1049 1050/1050/1050
f 1027/1027/1027 1026/1026/1026 1052/1052/1052
f 1026/1026/1026 1051/1051/1051 1052/1052/1052
f 1028/1028/1028 1027/1027/1027 1053/1053/1053
f 1027/1027/1027 1052/1052/1052 1053/1053/1053
f 1029/1029/1029 1028/1028/1028 1054/1054/1054
f 1028/1028/1028 1053/1053/1053 1054/1054/1054
f 1030/1030/1030 1029/1029/1029 1055/1055/1055
f 1029/1029/1029 1054/1054/1054 1055/1055/1055
f 1031/1031/1031 1030/1030/1030 1056/1056/1056
f 1030/1030/1030 1055/1055/1055 1056/1056/1056
f 1032/1032/1032 1031/1031/1031 1057/1057/1057
f 1031/1031/1031 1056/1056/1056 1057/1057/1057
f 1033/1033/1033 1032/1032/1032 1058/1058/1058
f 1032/1032/1032 1057/1057/1057 1058/1058/1058
f 1034/1034/1034 1033/1033/1033 1059/1059/1059
f 1033/1033/1033 1058/1058/1058 1059/1059/1059
f 1035/1035/1035 1034/1034/1034 1060/1060/1060
f 1034/1034/1034 1059/1059/1059 1060/1060/1060
f 1036/1036/1036 1035/1035/1035 1061/1061/1061
f 1035/1035/1035 1060/1060/1060 1061/1061/1061
f 1037/1037/1037 1036/1036/1036 1062/1062/1062
f 1036/1036/1036 1061/1061/1061 1062/1062/1062
f 1038/1038/1038 1037/1037/1037 1063/1063/1063
f 1037/1037/1037 1062/1062/1062 1063/1063/1063
f 1039/1039/1039 1038/1038/1038 1064/1064/1064
f 1038/1038/1038 1063/1063/1063 1064/1064/1064
f 1040/1040/1040 1039/1039/1039 1065/1065/1065
f 1039/1039/1039 1064/1064/1064 1065/1065/1065
f 1041/1041/1041 1040/1040/1040 1066/1066/1066
f 1040/1040/1040 1065/1065/1065 1066/1066/1066
f 1042/1042/1042 1041/1041/1041 1067/1067/1067
f 1041/1041/1041 1066/1066/1066 1067/1067/1067
f 1043/1043/1043 1042/1042/1042 1068/1068/1068
f 1042/1042/1042 1067/1067/1067 1068/1068/1068
f 1044/1044/1044 1043/1043/1043 1069/1069/1069
f 1043/1043/1043 1068/1068/1068 1069/1069/1069
f 1045/1045/1045 1044/1044/1044 1070/1070/1070
f 1044/1044/1044 1069/1069/1069 1070/1070/1070
f 1046/1046/1046 1045/1045/1045 1071/1071/1071
f 1045/1045/1045 1070/1070/1070 1071/1071/1071
f 1047/1047/1047 1046/1046/1046 1072/1072/1072
f 1046/1046/1046 1071/1071/1071 1072/1072/1072
f 1048/1048/1048 1047/1047/1047 1073/1073/1073
f 1047/1047/1047 1072/1072/1072 1073/1073/1073
f 1049/1049/1049 1048/1048/1048 1074/1074/1074
f 1048/1048/1048 1073/1073/1073 1074/1074/1074
f 1050/1050/1050 1049/1049/1049 1075/1075/1075
f 1049/1049/1049 1074/1074/1074 1075/1075/1075
f 1052/1052/1052 1051/1051/1051 1077/1077/1077
f 1051/1051/1051 1076/1076/1076 1077/1077/1077
f 1053/1053/1053 1052/1052/1052 1078/1078/1078
f 1052/1052/1052 1077/1077/1077 1078/1078/1078
f 1054/1054/1054 1053/1053/1053 1079/1079/1079
f 1053/1053/1053 1078/1078/1078 1079/1079/1079
f 1055/1055/1055 1054/1054/1054 1080/1080/1080
f 1054/1054/1054 1079/1079/1079 1080/1080/1080
f 1056/1056/1056 1055/1055/1055 1081/1081/1081
f 1055/1055/1055 1080/1080/1080 1081/1081/1081
f 1057/1057/1057 1056/1056/1056 1082/1082/1082
f 1056/1056/1056 1081/1081/1081 1082/1082/1082
f 1058/1058/1058 1057/1057/1057 1083/1083/1083
f 1057/1057/1057 1082/1082/1082 1083/1083/1083
f 1059/1059/1059 1058/1058/1058 1084/1084/1084
f 1058/1058/1058 1083/1083/1083 1084/1084/1084
f 1060/1060/1060 1059/1059/1059 1085/1085/1085
f 1059/1059/1059 1084/1084/1084 1085/1085/1085
f 1061/1061/1061 1060/1060/1060 1086/1086/1086
f 1060/1060/1060 1085/1085/1085 1086/1086/1086
f 1062/1062/1062 1061/1061/1061 1087/1087/1087
f 1061/1061/1061 1086/1086/1086 1087/1087/1087
f 1063/1063/1063 1062/1062/1062 1088/1088/1088
f 1062/1062/1062 1087/1087/1087 1088/1088/1088
f 1064/1064/1064 1063/1063/1063 1089/1089/1089
f 1063/1063/1063 1088/1088/1088 1089/1089/1089
f 1065/1065/1065 1064/1064/1064 1090/1090/1090
f 1064/1064/1064 1089/1089/1089 1090/1090/1090
f 1066/1066/1066 1065/1065/1065 1091/1091/1091
f 1065/1065/1065 1090/1090/1090 1091/1091/1091
f 1067/1067/1067 1066/1066/1066 1092/1092/1092
f 1066/1066/1066 1091/1091/1091 1092/1092/1092
f 1068/1068/1068 1067/1067/1067 1093/1093/1093
f 1067/1067/1067 1092/1092/1092 1093/1093/1093
f 1069/1069/1069 1068/1068/1068 1094/1094/1094
f 1068/1068/1068 1093/1093/1093 1094/1094/1094
f 1070/1070/1070 1069/1069/1069 1095/1095/1095
f 1069/1069/1069 1094/1094/1094 1095/1095/1095
f 1071/1071/1071 1070/1070/1070 1096/1096/1096
f 1070/1070/1070 1095/1095/1095 1096/1096/1096
f 1072/1072/1072 1071/1071/1071 1097/1097/1097
f 1071/1071/1071 1096/1096/1096 1097/1097/1097
f 1073/1073/1073 1072/1072/1072 1098/1098/1098
f 1072/1072/1072 1097/1097/1097 1098/1098/1098
f 1074/1074/1074 1073/1073/1073 1099/1099/1099
f 1073/1073/1073 1098/1098/1098 1099/1099/1099
f 1075/1075/1075 1074/1074/1074 1100/1100/1100
f 1074/1074/1074 1099/1099/1099 1100/1100/1100
f 1077/1077/1077 1076/1076/1076 1102/1102/1102
f 1076/1076/1076 1101/1101/1101 1102/1102/1102
f 1078/1078/1078 1077/1077/1077 1103/1103/1103
f 1077/1077/1077 1102/1102/1102 1103/1103/1103
f 1079/1079/1079 1078/1078/1078 1104/1104/1104
f 1078/1078/1078 1103/1103/1103 1104/1104/1104
f 1080/1080/1080 1079/1079/1079 1105/1105/1105
f 1079/1079/1079 1104/1104/1104 1105/1105/1105
f 1081/1081/1081 1080/1080/1080 1106/1106/1106
f 1080/1080/1080 1105/1105/1105 1106/1106/1106
f 1082/1082/1082 1081/1081/1081 1107/1107/1107
f 1081/1081/1081 1106/1106/1106 1107/1107/1107
f 1083/1083/1083 1082/1082/1082 1108/1108/1108
f 1082/1082/1082 1107/1107/1107 1108/1108/1108
f 1084/1084/1084 1083/1083/1083 1109/1109/1109
f 1083/1083/1083 1108/1108/1108 1109/1109/1109
f 1085/1085/1085 1084/1084/1084 1110/1110/1110
f 1084/1084/1084 1109/1109/1109 1110/1110/1110
f 1086/1086/1086 1085/1085/1085 1111/1111/1111
f 1085/1085/1085 1110/1110/1110 1111/1111/1111
f 1087/1087/1087 1086/1086/1086 1112/1112/1112
f 1086/1086/1086 1111/1111/1111 1112/1112/1112
f 1088/1088/1088 1087/1087/1087 1113/1113/1113
f 1087/1087/1087 1112/1112/1112 1113/1113/1113
f 1089/1089/1089 1088/1088/1088 1114/1114/1114
f 1088/1088/1088 1113/1113/1113 1114/1114/1114
f 1090/1090/1090 1089/1089/1089 1115/1115/1115
f 1089/1089/1089 1114/1114/1114 1115/1115/1115
f 1091/1091/1091 1090/1090/1090 1116/1116/1116
f 1090/1090/1090 1115/1115/1115 1116/1116/1116
f 1092/1092/1092 1091/1091/1091 1117/1117/1117
f 1091/1091/1091 1116/1116/1116 1117/1117/1117
f 1093/1093/1093 1092/1092/1092 1118/1118/1118
f 1092/1092/1092 1117/1117/1117 1118/1118/1118
f 1094/1094/1094 1093/1093/1093 1119/1119/1119
f 1093/1093/1093 1118/1118/1118 1119/1119/1119
f 1095/1095/1095 1094/1094/1094 1120/1120/1120
f 1094/1094/1094 1119/1119/1119 1120/1120/1120
f 1096/1096/1096 1095/1095/1095 1121/1121/1121
f 1095/1095/1095 1120/1120/1120 1121/1121/1121
f 1097/1097/1097 1096/1096/1096 1122/1122/1122
f 1096/1096/1096 1121/1121/1121 1122/1122/1122
f 1098/1098/1098 1097/1097/1097 1123/1123/1123
f 1097/1097/1097 1122/1122/1122 1123/1123/1123
f 1099/1099/1099 1098/1098/1098 1124/1124/1124
f 1098/1098/1098 1123/1123/1123 1124/1124/1124
f 1100/1100/1100 1099/1099/1099 1125/1125/1125
f 1099/1099/1099 1124/1124/1124 1125/1125/1125
f 1102/1102/1102 1101/1101/1101 1127/1127/1127
f 1101/1101/1101 1126/1126/1126 1127/1127/1127
f 1103/1103/1103 1102/1102/1102 1128/1128/1128
f 1102/1102/1102 1127/1127/1127 1128/1128/1128
f 1104/1104/1104 1103/1103/1103 1129/1129/1129
f 1103/1103/1103 1128/1128/1128 1129/1129/1129
f 1105/1105/1105 1104/1104/1104 1130/1130/1130
f 1104/1104/1104 1129/1129/1129 1130/1130/1130
f 1106/1106/1106 1105/1105/1105 1131/1131/1131
f 1105/1105/1105 1130/1130/1130 1131/1131/1131
f 1107/1107/1107 1106/1106/1106 1132/1132/1132
f 1106/1106/1106 1131/1131/1131 1132/1132/1132
f 1108/1108/1108 1107/1107/1107 1133/1133/1133
f 1107/1107/1107 1132/1132/1132 1133/1133/1133
f 1109/1109/1109 1108/1108/1108 1134/1134/1134
f 1108/1108/1108 1133/1133/1133 1134/1134/1134
f 1110/1110/1110 1109/1109/1109 1135/1135/1135
f 1109/1109/1109 1134/1134/1134 1135/1135/1135
f 1111/1111/1111 1110/1110/1110 1136/1136/1136
f 1110/1110/1110 1135/1135/1135 1136/1136/1136
f 1112/1112/1112 1111/1111/1111 1137/1137/1137
f 1111/1111/1111 1136/1136/1136 1137/1137/1137
f 1113/1113/1113 1112/1112/1112 1138/1138/1138
f 1112/1112/1112 1137/1137/1137 1138/1138/1138
f 1114/1114/1114 1113/1113/1113 1139/1139/1139
f 1113/1113/1113 1138/1138/1138 1139/1139/1139
f 1115/1115/1115 1114/1114/1114 1140/1140/1140
f 1114/1114/1114 1139/1139/1139 1140/1140/1140
f 1116/1116/1116 1115/1115/1115 1141/1141/1141
f 1115/1115/1115 1140/1140/1140 1141/1141/1141
f 1117/1117/1117 1116/1116/1116 1142/1142/1142
f 1116/1116/1116 1141/1141/1141 1142/1142/1142
f 1118/1118/1118 1117/1117/1117 1143/1143/1143
f 1117/1117/1117 1142/1142/1142 1143/1143/1143
f 1119/1119/1119 1118/1118/1118 1144/1144/1144
f 1118/1118/1118 1143/1143/1143 1144/1144/1144
f 1120/1120/1120 1119/1119/1119 1145/1145/1145
f 1119/1119/1119 1144/1144/1144 1145/1145/1145
f 1121/1121/1121 1120/1120/1120 1146/1146/1146
f 1120/1120/1120 1145/1145/1145 1146/1146/1146
f 1122/1122/1122 1121/1121/1121 1147/1147/1147
f 1121/1121/1121 1146/1146/1146 1147/1147/1147
f 1123/1123/1123 1122/1122/1122 1148/1148/1148
f 1122/1122/1122 1147/1147/1147 1148/1148/1148
f 1124/1124/1124 1123/1123/1123 1149/1149/1149
f 1123/1123/1123 1148/1148/1148 1149/1149/1149
f 1125/1125/1125 1124/1124/1124 1150/1150/1150
f 1124/1124/1124 1149/1149/1149 1150/1150/1150
f 1127/1127/1127 1126/1126/1126 1152/1152/1152
f 1126/1126/1126 1151/1151/1151 1152/1152/1152
f 1128/1128/1128 1127/1127/1127 1153/1153/1153
f 1127/1127/1127 1152/1152/1152 1153/1153/1153
f 1129/1129/1129 1128/1128/1128 1154/1154/1154
f 1128/1128/1128 1153/1153/1153 1154/1154/1154
f 1130/1130/1130 1129/1129/1129 1155/1155/1155
f 1129/1129/1129 1154/1154/1154 1155/1155/1155
f 1131/1131/1131 1130/1130/1130 1156/1156/1156
f 1130/1130/1130 1155/1155/1155 1156/1156/1156
f 1132/1132/1132 1131/1131/1131 1157/1157/1157
f 1131/1131/1131 1156/1156/1156 1157/1157/1157
f 1133/1133/1133 1132/1132/1132 1158/1158/1158
f 1132/1132/1132 1157/1157/1157 1158/1158/1158
f 1134/1134/1134 1133/1133/1133 1159/1159/1159
f 1133/1133/1133 1158/1158/1158 1159/1159/1159
f 1135/1135/1135 1134/1134/1134 1160/1160/1160
f 1134/1134/1134 1159/1159/1159 1160/1160/1160
f 1136/1136/1136 1135/1135/1135 1161/1161/1161
f 1135/1135/1135 1160/1160/1160 1161/1161/1161
f 1137/1137/1137 1136/1136/1136 1162/1162/1162
f 1136/1136/1136 1161/1161/1161 1162/1162/1162
f 1138/1138/1138 1137/1137/1137 1163/1163/1163
f 1137/1137/1137 1162/1162/1162 1163/1163/1163
f 1139/1139/1139 1138/1138/1138 1164/1164/1164
f 1138/1138/1138 1163/1163/1163 1164/1164/1164
f 1140/1140/1140 1139/1139/1139 1165/1165/1165
f 1139/1139/1139 1164/1164/1164 1165/1165/1165
f 1141/1141/1141 1140/1140/1140 1166/1166/1166
f 1140/1140/1140 1165/1165/1165 1166/1166/1166
f 1142/1142/1142 1141/1141/1141 1167/1167/1167
f 1141/1141/1141 1166/1166/1166 1167/1167/1167
f 1143/1143/1143 1142/1142/1142 1168/1168/1168
f 1142/1142/1142 1167/1167/1167 1168/1168/1168
f 1144/1144/1144 1143/1143/1143 1169/1169/1169
f 1143/1143/1143 1168/1168/1168 1169/1169/1169
f 1145/1145/1145 1144/1144/1144 1170/1170/1170
f 1144/1144/1144 1169/1169/1169 1170/1170/1170
f 1146/1146/1146 1145/1145/1145 1171/1171/1171
f 1145/1145/1145 1170/1170/1170 1171/1171/1171
f 1147/1147/1147 1146/1146/1146 1172/1172/1172
f 1146/1146/1146 1171/1171/1171 1172/1172/1172
f 1148/1148/1148 1147/1147/1147 1173/1173/1173
f 1147/1147/1147 1172/1172/1172 1173/1173/1173
f 1149/1149/1149 1148/1148/1148 1174/1174/1174
f 1148/1148/1148 1173/1173/1173 1174/1174/1174
f 1150/1150/1150 1149/1149/1149 1175/1175/1175
f 1149/1149/1149 1174/1174/1174 1175/1175/1175
f 1152/1152/1152 1151/1151/1151 1177/1177/1177
f 1151/1151/1151 1176/1176/1176 1177/1177/1177
f 1153/1153/1153 1152/1152/1152 1178/1178/1178
f 1152/1152/1152 1177/1177/1177 1178/1178/1178
f 1154/1154/1154 1153/1153/1153 1179/1179/1179
f 1153/1153/1153 1178/1178/1178 1179/1179/1179
f 1155/1155/1155 1154/1154/1154 1180/1180/1180
f 1154/1154/1154 1179/1179/1179 1180/1180/1180
f 1156/1156/1156 1155/1155/1155 1181/1181/1181
f 1155/1155/1155 1180/1180/1180 1181/1181/1181
f 1157/1157/1157 1156/1156/1156 1182/1182/1182
f 1156/1156/1156 1181/1181/1181 1182/1182/1182
f 1158/1158/1158 1157/1157/1157 1183/1183/1183
f 1157/1157/1157 1182/1182/1182 1183/1183/1183
f 1159/1159/1159 1158/1158/1158 1184/1184/1184
f 1158/1158/1158 1183/1183/1183 1184/1184/1184
f 1160/1160/1160 1159/1159/1159 1185/1185/1185
f 1159/1159/1159 1184/1184/1184 1185/1185/1185
f 1161/1161/1161 1160/1160/1160 1186/1186/1186
f 1160/1160/1160 1185/1185/1185 1186/1186/1186
f 1162/1162/1162 1161/1161/1161 1187/1187/1187
f 1161/1161/1161 1186/1186/1186 1187/1187/1187
f 1163/1163/1163 1162/1162/1162 1188/1188/1188
f 1162/1162/1162 1187/1187/1187 1188/1188/1188
f 1164/1164/1164 1163/1163/1163 1189/1189/1189
f 1163/1163/1163 1188/1188/1188 1189/1189/1189
f 1165/1165/1165 1164/1164/1164 1190/1190/1190
f 1164/1164/1164 1189/1189/1189 1190/1190/1190
f 1166/1166/1166 1165/1165/1165 1191/1191/1191
f 1165/1165/1165 1190/1190/1190 1191/1191/1191
f 1167/1167/1167 1166/1166/1166 1192/1192/1192
f 1166/1166/1166 1191/1191/1191 1192/1192/1192
f 1168/1168/1168 1167/1167/1167 1193/1193/1193
f 1167/1167/1167 1192/1192/1192 1193/1193/1193
f 1169/1169/1169 1168/1168/1168 1194/1194/1194
f 1168/1168/1168 1193/1193/1193 1194/1194/1194
f 1170/1170/1170 1169/1169/1169 1195/1195/1195
f 1169/1169/1169 1194/1194/1194 1195/1195/1195
f 1171/1171/1171 1170/1170/1170 1196/1196/1196
f 1170/1170/1170 1195/1195/1195 1196/1196/1196
f 1172/1172/1172 1171/1171/1171 1197/1197/1197
f 1171/1171/1171 1196/1196/1196 1197/1197/1197
f 1173/1173/1173 1172/1172/1172 1198/1198/1198
f 1172/1172/1172 1197/1197/1197 1198/1198/1198
f 1174/1174/1174 1173/1173/1173 1199/1199/1199
f 1173/1173/1173 1198/1198/1198 1199/1199/1199
f 1175/1175/1175 1174/1174/1174 1200/1200/1200
f 1174/1174/1174 1199/1199/1199 1200/1200/1200
f 1177/1177/1177 1176/1176/1176 1202/1202/1202
f 1176/1176/1176 1201/1201/1201 1202/1202/1202
f 1178/1178/1178 1177/1177/1177 1203/1203/1203
f 1177/1177/1177 1202/1202/1202 1203/1203/1203
f 1179/1179/1179 1178/1178/1178 1204/1204/1204
f 1178/1178/1178 1203/1203/1203 1204/1204/1204
f 1180/1180/1180 1179/1179/1179 1205/1205/1205
f 1179/1179/1179 1204/1204/1204 1205/1205/1205
f 1181/1181/1181 1180/1180/1180 1206/1206/1206
f 1180/1180/1180 1205/1205/1205 1206/1206/1206
f 1182/1182/1182 1181/1181/1181 1207/1207/1207
f 1181/1181/1181 1206/1206/1206 1207/1207/1207
f 1183/1183/1183 1182/1182/1182 1208/1208/1208
f 1182/1182/1182 1207/1207/1207 1208/1208/1208
f 1184/1184/1184 1183/1183/1183 1209/1209/1209
f 1183/1183/1183 1208/1208/1208 1209/1209/1209
f 1185/1185/1185 1184/1184/1184 1210/1210/1210
f 1184/1184/1184 1209/1209/1209 1210/1210/1210
f 1186/1186/1186 1185/1185/1185 1211/1211/1211
f 1185/1185/1185 1210/1210/1210 1211/1211/1211
f 1187/1187/1187 1186/1186/1186 1212/1212/1212
f 1186/1186/1186 1211/1211/1211 1212/1212/1212
f 1188/1188/1188 1187/1187/1187 1213/1213/1213
f 1187/1187/1187 1212/1212/1212 1213/1213/1213
f 1189/1189/1189 1188/1188/1188 1214/1214/1214
f 1188/1188/1188 1213/1213/1213 1214/1214/1214
f 1190/1190/1190 1189/1189/1189 1215/1215/1215
f 1189/1189/1189 1214/1214/1214 1215/1215/1215
f 1191/1191/1191 1190/1190/1190 1216/1216/1216
f 1190/1190/1190 1215/1215/1215 1216/1216/1216
f 1192/1192/1192 1191/1191/1191 1217/1217/1217
f 1191/1191/1191 1216/1216/1216 1217/1217/1217
f 1193/1193/1193 1192/1192/1192 1218/1218/1218
f 1192/1192/1192 1217/1217/1217 1218/1218/1218
f 1194/1194/1194 1193/1193/1193 1219/1219/1219
f 1193/1193/1193 1218/1218/1218 1219/1219/1219
f 1195/1195/1195 1194/1194/1194 1220/1220/1220
f 1194/1194/1194 1219/1219/1219 1220/1220/1220
f 1196/1196/1196 1195/1195/1195 1221/1221/1221
f 1195/1195/1195 1220/1220/1220 1221/1221/1221
f 1197/1197/1197 1196/1196/1196 1222/1222/1222
f 1196/1196/1196 1221/1221/1221 1222/1222/1222
f 1198/1198/1198 1197/1197/1197 1223/1223/1223
f 1197/1197/1197 1222/1222/1222 1223/1223/1223
f 1199/1199/1199 1198/1198/1198 1224/1224/1224
f 1198/1198/1198 1223/1223/1223 1224/1224/1224
f 1200/1200/1200 1199/1199/1199 1225/1225/1225
f 1199/1199/1199 1224/1224/1224 1225/1225/1225
f 1202/1202/1202 1201/1201/1201 1227/1227/1227
f 1201/1201/1201 1226/1226/1226 1227/1227/1227
f 1203/1203/1203 1202/1202/1202 1228/1228/1228
f 1202/1202/1202 1227/1227/1227 1228/1228/1228
f 1204/1204/1204 1203/1203/1203 1229/1229/1229
f 1203/1203/1203 1228/1228/1228 1229/1229/1229
f 1205/1205/1205 1204/1204/1204 1230/1230/1230
f 1204/1204/1204 1229/1229/1229 1230/1230/1230
f 1206/1206/1206 1205/1205/1205 1231/1231/1231
f 1205/1205/1205 1230/1230/1230 1231/1231/1231
f 1207/1207/1207 1206/1206/1206 1232/1232/1232
f 1206/1206/1206 1231/1231/1231 1232/1232/1232
f 1208/1208/1208 1207/1207/1207 1233/1233/1233
f 1207/1207/1207 1232/1232/1232 1233/1233/1233
f 1209/1209/1209 1208/1208/1208 1234/1234/1234
f 1208/1208/1208 1233/1233/1233 1234/1234/1234
f 1210/1210/1210 1209/1209/1209 1235/1235/1235
f 1209/1209/1209 1234/1234/1234 1235/1235/1235
f 1211/1211/1211 1210/1210/1210 1236/1236/1236
f 1210/1210/1210 1235/1235/1235 1236/1236/1236
f 1212/1212/1212 1211/1211/1211 1237/1237/1237
f 1211/1211/1211 1236/1236/1236 1237/1237/1237
f 1213/1213/1213 1212/1212/1212 1238/1238/1238
f 1212/1212/1212 1237/1237/1237 1238/1238/1238
f 1214/1214/1214 1213/1213/1213 1239/1239/1239
f 1213/1213/1213 1238/1238/1238 1239/1239/1239
f 1215/1215/1215 1214/1214/1214 1240/1240/1240
f 1214/1214/1214 1239/1239/1239 1240/1240/1240
f 1216/1216/1216 1215/1215/1215 1241/1241/1241
f 1215/1215/1215 1240/1240/1240 1241/1241/1241
f 1217/1217/1217 1216/1216/1216 1242/1242/1242
f 1216/1216/1216 1241/1241/1241 1242/1242/1242
f 1218/1218/1218 1217/1217/1217 1243/1243/1243
f 1217/1217/1217 1242/1242/1242 1243/1243/1243
f 1219/1219/1219 1218/1218/1218 1244/1244/1244
f 1218/1218/1218 1243/1243/1243 1244/1244/1244
f 1220/1220/1220 1219/1219/1219 1245/1245/1245
f 1219/1219/1219 1244/1244/1244 1245/1245/1245
f 1221/1221/1221 1220/1220/1220 1246/1246/1246
f 1220/1220/1220 1245/1245/1245 1246/1246/1246
f 1222/1222/1222 1221/1221/1221 1247/1247/1247
f 1221/1221/1221 1246/1246/1246 1247/1247/1247
f 1223/1223/1223 1222/1222/1222 1248/1248/1248
f 1222/1222/1222 1247/1247/1247 1248/1248/1248
f 1224/1224/1224 1223/1223/1223 1249/1249/1249
f 1223/1223/1223 1248/1248/1248 1249/1249/1249
f 1225/1225/1225 1224/1224/1224 1250/1250/1250
f 1224/1224/1224 1249/1249/1249 1250/1250/1250
f 1227/1227/1227 1226/1226/1226 1252/1252/1252
f 1226/1226/1226 1251/1251/1251 1252/1252/1252
f 1228/1228/1228 1227/1227/1227 1253/1253/1253
f 1227/1227/1227 1252/1252/1252 1253/1253/1253
f 1229/1229/1229 1228/1228/1228 1254/1254/1254
f 1228/1228/1228 1253/1253/1253 1254/1254/1254
f 1230/1230/1230 1229/1229/1229 1255/1255/1255
f 1229/1229/1229 1254/1254/1254 1255/1255/1255
f 1231/1231/1231 1230/1230/1230 1256/1256/1256
f 1230/1230/1230 1255/1255/1255 1256/1256/1256
f 1232/1232/1232 1231/1231/1231 1257/1257/1257
f 1231/1231/1231 1256/1256/1256 1257/1257/1257
f 1233/1233/1233 1232/1232/1232 1258/1258/1258
f 1232/1232/1232 1257/1257/1257 1258/1258/1258
f 1234/1234/1234 1233/1233/1233 1259/1259/1259
f 1233/1233/1233 1258/1258/1258 1259/1259/1259
f 1235/1235/1235 1234/1234/1234 1260/1260/1260
f 1234/1234/1234 1259/1259/1259 1260/1260/1260
f 1236/1236/1236 1235/1235/1235 1261/1261/1261
f 1235/1235/1235 1260/1260/1260 1261/1261/1261
f 1237/1237/1237 1236/1236/1236 1262/1262/1262
f 1236/1236/1236 1261/1261/1261 1262/1262/1262
f 1238/1238/1238 1237/1237/1237 1263/1263/1263
f 1237/1237/1237 1262/1262/1262 1263/1263/1263
f 1239/1239/1239 1238/1238/1238 1264/1264/1264
f 1238/1238/1238 1263/1263/1263 1264/1264/1264
f 1240/1240/1240 1239/1239/1239 1265/1265/1265
f 1239/1239/1239 1264/1264/1264 1265/1265/1265
f 1241/1241/1241 1240/1240/1240 1266/1266/1266
f 1240/1240/1240 1265/1265/1265 1266/1266/1266
f 1242/1242/1242 1241/1241/1241 1267/1267/1267
f 1241/1241/1241 1266/1266/1266 1267/1267/1267
f 1243/1243/1243 1242/1242/1242 1268/1268/1268
f 1242/1242/1242 1267/1267/1267 1268/1268/1268
f 1244/1244/1244 1243/1243/1243 1269/1269/1269
f 1243/1243/1243 1268/1268/1268 1269/1269/1269
f 1245/1245/1245 1244/1244/1244 1270/1270/1270
f 1244/1244/1244 1269/1269/1269 1270/1270/1270
f 1246/1246/1246 1245/1245/1245 1271/1271/1271
f 1245/1245/1245 1270/1270/1270 1271/1271/1271
f 1247/1247/1247 1246/1246/1246 1272/1272/1272
f 1246/1246/1246 1271/1271/1271 1272/1272/1272
f 1248/1248/1248 1247/1247/1247 1273/1273/1273
f 1247/1247/1247 1272/1272/1272 1273/1273/1273
f 1249/1249/1249 1248/1248/1248 1274/1274/1274
f 1248/1248/1248 1273/1273/1273 1274/1274/1274
f 1250/1250/1250 1249/1249/1249 1275/1275/1275
f 1249/1249/1249 1274/1274/1274 1275/1275/1275
f 1252/1252/1252 1251/1251/1251 1277/1277/1277
f 1251/1251/1251 1276/1276/1276 1277/1277/1277
f 1253/1253/1253 1252/1252/1252 1278/1278/1278
f 1252/1252/1252 1277/1277/1277 1278/1278/1278
f 1254/1254/1254 1253/1253/1253 1279/1279/1279
f 1253/1253/1253 1278/1278/1278 1279/1279/1279
f 1255/1255/1255 1254/1254/1254 1280/1280/1280
f 1254/1254/1254 1279/1279/1279 1280/1280/1280
f 1256/1256/1256 1255/1255/1255 1281/1281/1281
f 1255/1255/1255 1280/1280/1280 1281/1281/1281
f 1257/1257/1257 1256/1256/1256 1282/1282/1282
f 1256/1256/1256 1281/1281/1281 1282/1282/1282
f 1258/1258/1258 1257/1257/1257 1283/1283/1283
f 1257/1257/1257 1282/1282/1282 1283/1283/1283
f 1259/1259/1259 1258/1258/1258 1284/1284/1284
f 1258/1258/1258 1283/1283/1283 1284/1284/1284
f 1260/1260/1260 1259/1259/1259 1285/1285/1285
f 1259/1259/1259 1284/1284/1284 1285/1285/1285
f 1261/1261/1261 1260/1260/1260 1286/1286/1286
f 1260/1260/1260 1285/1285/1285 1286/1286/1286
f 1262/1262/1262 1261/1261/1261 1287/1287/1287
f 1261/1261/1261 1286/1286/1286 1287/1287/1287
f 1263/1263/1263 1262/1262/1262 1288/1288/1288
f 1262/1262/1262 1287/1287/1287 1288/1288/1288
f 1264/1264/1264 1263/1263/1263 1289/1289/1289
f 1263/1263/1263 1288/1288/1288 1289/1289/1289
f 1265/1265/1265 1264/1264/1264 1290/1290/1290
f 1264/1264/1264 1289/1289/1289 1290/1290/1290
f 1266/1266/1266 1265/1265/1265 1291/1291/1291
f 1265/1265/1265 1290/1290/1290 1291/1291/1291
f 1267/1267/1267 1266/1266/1266 1292/1292/1292
f 1266/1266/1266 1291/1291/1291 1292/1292/1292
f 1268/1268/1268 1267/1267/1267 1293/1293/1293
f 1267/1267/1267 1292/1292/1292 1293/1293/1293
f 1269/1269/1269 1268/1268/1268 1294/1294/1294
f 1268/1268/1268 1293/1293/1293 1294/1294/1294
f 1270/1270/1270 1269/1269/1269 1295/1295/1295
f 1269/1269/1269 1294/1294/1294 1295/1295/1295
f 1271/1271/1271 1270/1270/1270 1296/1296/1296
f 1270/1270/1270 1295/1295/1295 1296/1296/1296
f 1272/1272/1272 1271/1271/1271 1297/1297/1297
f 1271/1271/1271 1296/1296/1296 1297/1297/1297
f 1273/1273/1273 1272/1272/1272 1298/1298/1298
f 1272/1272/1272 1297/1297/1297 1298/1298/1298
f 1274/1274/1274 1273/1273/1273 1299/1299/1299
f 1273/1273/1273 1298/1298/1298 1299/1299/1299
f 1275/1275/1275 1274/1274/1274 1300/1300/1300
f 1274/1274/1274 1299/1299/1299 1300/1300/1300
f 1277/1277/1277 1276/1276/1276 1302/1302/1302
f 1276/1276/1276 1301/1301/1301 1302/1302/1302
f 1278/1278/1278 1277/1277/1277 1303/1303/1303
f 1277/1277/1277 1302/1302/1302 1303/1303/1303
f 1279/1279/1279 1278/1278/1278 1304/1304/1304
f 1278/1278/1278 1303/1303/1303 1304/1304/1304
f 1280/1280/1280 1279/1279/1279 1305/1305/1305
f 1279/1279/1279 1304/1304/1304 1305/1305/1305
f 1281/1281/1281 1280/1280/1280 1306/1306/1306
f 1280/1280/1280 1305/1305/1305 1306/1306/1306
f 1282/1282/1282 1281/1281/1281 1307/1307/1307
f 1281/1281/1281 1306/1306/1306 1307/1307/1307
f 1283/1283/1283 1282/1282/1282 1308/1308/1308
f 1282/1282/1282 1307/1307/1307 1308/1308/1308
f 1284/1284/1284 1283/1283/1283 1309/1309/1309
f 1283/1283/1283 1308/1308/1308 1309/1309/1309
f 1285/1285/1285 1284/1284/1284 1310/1310/1310
f 1284/1284/1284 1309/1309/1309 1310/1310/1310
f 1286/1286/1286 1285/1285/1285 1311/1311/1311
f 1285/1285/1285 1310/1310/1310 1311/1311/1311
f 1287/1287/1287 1286/1286/1286 1312/1312/1312
f 1286/1286/1286 1311/1311/1311 1312/1312/1312
f 1288/1288/1288 1287/1287/1287 1313/1313/1313
f 1287/1287/1287 1312/1312/1312 1313/1313/1313
f 1289/1289/1289 1288/1288/1288 1314/1314/1314
f 1288/1288/1288 1313/1313/1313 1314/1314/1314
f 1290/1290/1290 1289/1289/1289 1315/1315/1315
f 1289/1289/1289 1314/1314/1314 1315/1315/1315
f 1291/1291/1291 1290/1290/1290 1316/1316/1316
f 1290/1290/1290 1315/1315/1315 1316/1316/1316
f 1292/1292/1292 1291/1291/1291 1317/1317/1317
f 1291/1291/1291 1316/1316/1316 1317/1317/1317
f 1293/1293/1293 1292/1292/1292 1318/1318/1318
f 1292/1292/1292 1317/1317/1317 1318/1318/1318
f 1294/1294/1294 1293/1293/1293 1319/1319/1319
f 1293/1293/1293 1318/1318/1318 1319/1319/1319
f 1295/1295/1295 1294/1294/1294 1320/1320/1320
f 1294/1294/1294 1319/1319/1319 1320/1320/1320
f 1296/1296/1296 1295/1295/1295 1321/1321/1321
f 1295/1295/1295 1320/1320/1320 1321/1321/1321
f 1297/1297/1297 1296/1296/1296 1322/1322/1322
f 1296/1296/1296 1321/1321/1321 1322/1322/1322
f 1298/1298/1298 1297/1297/1297 1323/1323/1323
f 1297/1297/1297 1322/1322/1322 1323/1323/1323
f 1299/1299/1299 1298/1298/1298 1324/1324/1324
f 1298/1298/1298 1323/1323/1323 1324/1324/1324
f 1300/1300/1300 1299/1299/1299 1325/1325/1325
f 1299/1299/1299 1324/1324/1324 1325/1325/1325
f 1302/1302/1302 1301/1301/1301 1327/1327/1327
f 1301/1301/1301 1326/1326/1326 1327/1327/1327
f 1303/1303/1303 1302/1302/1302 1328/1328/1328
f 1302/1302/1302 1327/1327/1327 1328/1328/1328
f 1304/1304/1304 1303/1303/1303 1329/1329/1329
f 1303/1303/1303 1328/1328/1328 1329/1329/1329
f 1305/1305/1305 1304/1304/1304 1330/1330/1330
f 1304/1304/1304 1329/1329/1329 1330/1330/1330
f 1306/1306/1306 1305/1305/1305 1331/1331/1331
f 1305/1305/1305 1330/1330/1330 1331/1331/1331
f 1307/1307/1307 1306/1306/1306 1332/1332/1332
f 1306/1306/1306 1331/1331/1331 1332/1332/1332
f 1308/1308/1308 1307/1307/1307 1333/1333/1333
f 1307/1307/1307 1332/1332/1332 1333/1333/1333
f 1309/1309/1309 1308/1308/1308 1334/1334/1334
f 1308/1308/1308 1333/1333/1333 1334/1334/1334
f 1310/1310/1310 1309/1309/1309 1335/1335/1335
f 1309/1309/1309 1334/1334/1334 1335/1335/1335
f 1311/1311/1311 1310/1310/1310 1336/1336/1336
f 1310/1310/1310 1335/1335/1335 1336/1336/1336
f 1312/1312/1312 1311/1311/1311 1337/1337/1337
f 1311/1311/1311 1336/1336/1336 1337/1337/1337
f 1313/1313/1313 1312/1312/1312 1338/1338/1338
f 1312/1312/1312 1337/1337/1337 1338/1338/1338
f 1314/1314/1314 1313/1313/1313 1339/1339/1339
f 1313/1313/1313 1338/1338/1338 1339/1339/1339
f 1315/1315/1315 1314/1314/1314 1340/1340/1340
f 1314/1314/1314 1339/1339/1339 1340/1340/1340
f 1316/1316/1316 1315/1315/1315 1341/1341/1341
f 1315/1315/1315 1340/1340/1340 1341/1341/1341
f 1317/1317/1317 1316/1316/1316 1342/1342/1342
f 1316/1316/1316 1341/1341/1341 1342/1342/1342
f 1318/1318/1318 1317/1317/1317 1343/1343/1343
f 1317/1317/1317 1342/1342/1342 1343/1343/1343
f 1319/1319/1319 1318/1318/1318 1344/1344/1344
f 1318/1318/1318 1343/1343/1343 1344/1344/1344
f 1320/1320/1320 1319/1319/1319 1345/1345/1345
f 1319/1319/1319 1344/1344/1344 1345/1345/1345
f 1321/1321/1321 1320/1320/1320 1346/1346/1346
f 1320/1320/1320 1345/1345/1345 1346/1346/1346
f 1322/1322/1322 1321/1321/1321 1347/1347/1347
f 1321/1321/1321 1346/1346/1346 1347/1347/1347
f 1323/1323/1323 1322/1322/1322 1348/1348/1348
f 1322/1322/1322 1347/1347/1347 1348/1348/1348
f 1324/1324/1324 1323/1323/1323 1349/1349/1349
f 1323/1323/1323 1348/1348/1348 1349/1349/1349
f 1325/1325/1325 1324/1324/1324 1350/1350/1350
f 1324/1324/1324 1349/1349/1349 1350/1350/1350
f 1327/1327/1327 1326/1326/1326 1352/1352/1352
f 1328/1328/1328 1327/1327/1327 1353/1353/1353
f 1329/1329/1329 1328/1328/1328 1354/1354/1354
f 1330/1330/1330 1329/1329/1329 1355/1355/1355
f 1331/1331/1331 1330/1330/1330 1356/1356/1356
f 1332/1332/1332 1331/1331/1331 1357/1357/1357
f 1333/1333/1333 1332/1332/1332 1358/1358/1358
f 1334/1334/1334 1333/1333/1333 1359/1359/1359
f 1335/1335/1335 1334/1334/1334 1360/1360/1360
f 1336/1336/1336 1335/1335/1335 1361/1361/1361
f 1337/1337/1337 1336/1336/1336 1362/1362/1362
f 1338/1338/1338 1337/1337/1337 1363/1363/1363
f 1339/1339/1339 1338/1338/1338 1364/1364/1364
f 1340/1340/1340 1339/1339/1339 1365/1365/1365
f 1341/1341/1341 1340/1340/1340 1366/1366/1366
f 1342/1342/1342 1341/1341/1341 1367/1367/1367
f 1343/1343/1343 1342/1342/1342 1368/1368/1368
f 1344/1344/1344 1343/1343/1343 1369/1369/1369
f 1345/1345/1345 1344/1344/1344 1370/1370/1370
f 1346/1346/1346 1345/1345/1345 1371/1371/1371
f 1347/1347/1347 1346/1346/1346 1372/1372/1372
f 1348/1348/1348 1347/1347/1347 1373/1373/1373
f 1349/1349/1349 1348/1348/1348 1374/1374/1374
f 1350/1350/1350 1349/1349/1349 1375/1375/1375
